user_id,item_id,rating
1,91522,4
1,91738,5
1,91741,5
1,91661,5
1,91412,4
1,91679,4
1,91627,4
1,91514,5
1,91860,4
1,91137,5
1,91812,5
1,91077,5
1,91637,4
1,91974,4
1,91939,4
1,91900,5
1,91281,5
1,91884,4
1,91762,4
1,91320,4
2,81522,4
2,81738,4
2,81741,5
2,81661,5
2,81412,5
2,81679,4
2,81627,5
2,81514,4
2,81860,4
2,81137,5
2,81812,4
2,81077,5
2,81637,5
2,81974,4
2,81939,5
2,81900,4
2,81281,5
2,81884,5
2,81762,5
2,81320,4
3,64522,5
3,64738,5
3,64741,4
3,64661,4
3,64412,5
3,64679,4
3,64627,5
3,64514,4
3,64860,5
3,64137,4
3,64812,4
3,64077,5
3,64637,4
3,64974,4
3,64939,5
3,64900,5
3,64281,4
3,64884,4
3,64762,5
3,64320,5
4,51522,5
4,51738,4
4,51741,5
4,51661,5
4,51412,4
4,51679,5
4,51627,4
4,51514,4
4,51860,4
4,51137,5
4,51812,5
4,51077,4
4,51637,5
4,51974,5
4,51939,4
4,51900,4
4,51281,4
4,51884,4
4,51762,4
4,51320,4
5,1522,5
5,1738,5
5,1741,5
5,1661,5
5,1412,5
5,3522,5
5,3738,5
5,3741,5
5,3661,5
5,3412,5
5,5522,5
5,5738,5
5,5741,5
5,5661,5
5,5412,5
5,6522,5
5,6738,5
5,6741,5
5,6661,5
5,6412,5
6,1522,5
6,1738,5
6,1741,5
6,1661,5
6,1412,5
6,2522,5
6,2738,5
6,2741,5
6,2661,5
6,2412,5
6,4522,5
6,4738,5
6,4741,5
6,4661,5
6,4412,5
7,1522,5
7,1738,5
7,1741,5
7,1661,5
7,1412,5
7,2522,5
7,2738,5
7,2741,5
7,2661,5
7,2412,5
8,1522,5
8,1738,5
8,1741,5
8,1661,5
8,1412,5
8,522,5
8,738,5
8,741,5
8,661,5
8,412,5
8,3522,5
8,3738,5
8,3741,5
8,3661,5
8,3412,5
9,1522,5
9,1738,5
9,1741,5
9,1661,5
9,1412,5
9,522,5
9,738,5
9,741,5
9,661,5
9,412,5
9,4522,5
9,4738,5
9,4741,5
9,4661,5
9,4412,5
10,522,5
10,738,5
10,741,5
10,661,5
10,412,5
10,1522,5
10,1738,5
10,1741,5
10,1661,5
10,1412,5
10,3522,5
10,3738,5
10,3741,5
10,3661,5
10,3412,5
11,3522,5
11,3738,5
11,3741,5
11,3661,5
11,3412,5
11,522,5
11,738,5
11,741,5
11,661,5
11,412,5
11,1522,5
11,1738,5
11,1741,5
11,1661,5
11,1412,5
11,20,5
11,5,5
11,22,5
12,2522,5
12,2738,5
12,2741,5
12,2661,5
12,2412,5
12,5522,5
12,5738,5
12,5741,5
12,5661,5
12,5412,5
13,1522,5
13,1738,5
13,1741,5
13,1661,5
13,1412,5
13,5522,5
13,5738,5
13,5741,5
13,5661,5
13,5412,5
14,522,5
14,738,5
14,741,5
14,661,5
14,412,5
14,3522,5
14,3738,5
14,3741,5
14,3661,5
14,3412,5
14,6522,5
14,6738,5
14,6741,5
14,6661,5
14,6412,5
14,5,5
14,13,5
15,2522,5
15,2738,5
15,2741,5
15,2661,5
15,2412,5
15,522,5
15,738,5
15,741,5
15,661,5
15,412,5
16,522,5
16,738,5
16,741,5
16,661,5
16,412,5
16,6522,5
16,6738,5
16,6741,5
16,6661,5
16,6412,5
17,522,5
17,738,5
17,741,5
17,661,5
17,412,5
17,5522,5
17,5738,5
17,5741,5
17,5661,5
17,5412,5
17,18,5
18,6522,5
18,6738,5
18,6741,5
18,6661,5
18,6412,5
18,4522,5
18,4738,5
18,4741,5
18,4661,5
18,4412,5
19,4522,5
19,4738,5
19,4741,5
19,4661,5
19,4412,5
19,7522,5
19,7738,5
19,7741,5
19,7661,5
19,7412,5
20,6522,5
20,6738,5
20,6741,5
20,6661,5
20,6412,5
20,5522,5
20,5738,5
20,5741,5
20,5661,5
20,5412,5
20,20,5
21,2522,5
21,2738,5
21,2741,5
21,2661,5
21,2412,5
22,522,5
22,738,5
22,741,5
22,661,5
22,1682,5
22,1522,5
22,1738,5
22,1741,5
22,1661,5
22,1412,5
22,2522,5
22,2738,5
22,2741,5
22,2661,5
22,2412,5
22,1,5
22,3,5
22,5,1
22,6,5
23,6522,5
23,6738,5
23,6741,5
23,6661,5
23,6412,5
24,1522,5
24,1738,5
24,1741,5
24,1661,5
24,1412,5
24,2522,5
24,2738,5
24,2741,5
24,2661,5
24,2412,5
25,1522,5
25,1738,5
25,1741,5
25,1661,5
25,1412,5
25,1,1
25,2,1
25,6,5
25,7,5
26,522,5
26,738,5
26,741,5
26,661,5
26,412,5
26,1522,5
26,1738,5
26,1741,5
26,1661,5
26,1412,5
26,2522,5
26,2738,5
26,2741,5
26,2661,5
26,2412,5
27,1522,5
27,1738,5
27,1741,5
27,1661,5
27,1412,5
27,2522,5
27,2738,5
27,2741,5
27,2661,5
27,2412,5
28,1522,5
28,1738,5
28,1741,5
28,1661,5
28,1412,5
28,2522,5
28,2738,5
28,2741,5
28,2661,5
28,2412,5
29,1522,5
29,1738,5
29,1741,5
29,1661,5
29,1412,5
30,1522,5
30,1738,5
30,1741,5
30,1661,5
30,1412,5
30,4522,5
30,4738,5
30,4741,5
30,4661,5
30,4412,5
30,4222,5
30,4443,5
30,4679,5
30,4002,1
30,4005,1
31,1522,5
31,1738,5
31,1741,5
31,1661,5
31,1412,5
31,2522,5
31,2738,5
31,2741,5
31,2661,5
31,2412,5
31,1893,1
31,2679,5
31,1416,1
31,2086,5
31,2010,1
31,2009,1
31,2008,1
31,2007,1
31,2006,1
31,2005,1
31,2004,1
31,2003,1
31,2002,1
31,2001,1
32,1522,5
32,1738,5
32,1741,5
32,1661,5
32,1412,5
32,2522,5
32,2738,5
32,2741,5
32,2661,5
32,2412,5
32,2812,1
32,1773,1
32,2443,1
32,2222,1
32,2004,1
32,2108,1
32,2086,1
32,1416,1
32,2679,1
32,1893,1
32,2670,5
32,2814,5
32,2750,5
32,2442,1
32,1057,5
33,522,5
33,738,5
33,741,5
33,661,5
33,412,5
34,522,5
34,738,5
34,741,5
34,661,5
34,412,5
34,1522,5
34,1738,5
34,1741,5
34,1661,5
34,1412,5
34,2522,5
34,2738,5
34,2741,5
34,2661,5
34,2412,5
35,1522,5
35,1738,5
35,1741,5
35,1661,5
35,1412,5
35,2522,5
35,2738,5
35,2741,5
35,2661,5
35,2412,5
35,2679,5
35,1893,5
35,1416,5
35,2086,5
35,2108,5
35,2004,5
38,23904,2
38,63194,3
38,66921,5
38,26710,5
38,60055,1
39,54244,1
39,20599,4
39,99319,5
39,49132,1
43,63733,1
43,73548,3
43,23963,5
43,58408,2
46,46328,4
46,81163,5
46,110649,4
46,25068,1
46,1307,2
50,93785,4
50,103539,4
50,92654,3
50,78935,2
50,75995,5
51,27012,3
51,19315,1
51,24385,1
52,48412,3
52,66067,4
52,19621,4
52,69153,2
52,77343,5
53,40501,3
53,38200,3
53,77088,5
53,100354,4
53,73710,2
54,17994,2
54,72765,1
54,21422,2
54,21872,1
54,100076,3
57,58127,1
57,10664,4
57,19202,5
57,102379,2
58,85759,5
58,78866,2
58,101017,4
58,38185,1
65,50155,1
65,101750,4
65,100708,2
65,102047,1
65,38463,2
66,70808,2
66,110466,4
66,3140,5
66,28505,5
66,65486,3
69,102892,5
69,27481,5
69,104163,1
69,44057,3
70,44613,2
70,14803,4
70,42578,3
70,112716,3
72,35371,1
72,9949,1
72,69412,5
72,53615,2
72,43466,4
77,29363,1
77,12553,4
77,37168,3
77,28093,3
77,103667,2
78,23936,1
78,104794,2
78,70485,4
78,33825,5
78,103371,1
79,31662,1
79,78469,2
79,42445,4
79,26993,3
80,67573,5
80,5740,5
80,70769,2
80,112831,5
82,40707,1
82,80044,4
82,93194,2
82,31932,4
87,28221,4
87,96555,1
87,105756,3
87,51441,1
88,44765,1
88,58365,4
88,20025,2
88,44135,4
88,70412,3
90,23482,3
90,92155,3
90,56408,5
90,8293,2
93,64878,5
93,97849,1
93,50390,1
93,54603,3
96,47463,4
96,21405,1
96,89855,3
96,44767,3
98,111564,1
98,21920,4
98,4526,2
98,43282,3
99,9270,3
99,99427,1
99,256,3
99,56481,2
99,58853,5
100,64917,4
100,78010,3
100,74255,3
100,540,3
101,19342,5
101,110358,2
101,96784,4
101,104576,4
103,46646,1
103,25136,2
103,109972,4
103,17145,5
107,18145,4
107,73827,2
107,102591,1
107,87721,1
107,9538,2
108,22544,2
108,85426,4
108,89568,3
108,79972,5
109,64374,5
109,75793,5
109,50592,5
109,99404,1
109,107734,2
110,60055,5
110,15133,4
110,103770,2
110,18682,2
110,18950,5
114,73920,2
114,86555,1
114,22072,5
114,43693,2
117,63268,3
117,109427,2
117,77920,4
117,18755,4
117,84464,4
118,56434,4
118,68884,2
118,112578,5
118,1131,3
120,104101,2
120,82928,2
120,69313,1
120,97808,4
121,34767,5
121,47087,1
121,107671,1
121,93482,2
123,7225,1
123,58198,5
123,36753,2
123,42903,5
126,71814,4
126,93795,3
126,1030,1
126,2754,3
126,12964,3
129,72974,5
129,108552,4
129,13801,4
129,25399,4
131,37900,3
131,27160,4
131,52724,3
131,36542,2
134,41623,5
134,20676,1
134,17874,5
134,105244,3
136,74519,5
136,63468,5
136,4023,2
136,47002,3
148,35335,3
148,27139,3
148,74265,4
148,19398,1
148,86695,2
149,40432,5
149,96336,5
149,17640,4
149,68712,2
156,86990,4
156,64206,3
156,71549,1
156,58344,3
157,71285,2
157,23006,1
157,98683,1
157,25929,1
157,92988,4
162,81048,2
162,24508,5
162,10682,4
163,93369,1
163,80567,5
163,42013,1
163,71860,5
165,57050,5
165,112237,3
165,109487,4
165,63142,3
166,83280,4
166,45775,3
166,57855,4
166,9474,2
169,95573,3
169,87381,1
169,66013,1
169,10875,1
169,32999,3
170,112940,5
170,66562,1
170,88528,1
170,19613,3
170,65368,5
172,111415,2
172,48281,4
172,80813,2
172,43541,1
172,30676,1
174,27725,1
174,83704,1
174,73269,3
174,10252,4
174,93830,5
177,90639,5
177,25885,2
177,66972,2
178,17559,1
178,83544,4
178,40406,4
180,18510,5
180,83214,2
180,76133,1
180,60219,4
180,98210,4
181,108416,3
181,99939,5
181,12700,4
182,26408,3
182,110195,4
182,87696,2
182,39239,4
183,2405,3
183,50905,1
183,13872,4
183,38588,4
184,91598,5
184,92962,3
184,65473,1
185,74279,1
185,12336,2
185,31909,3
185,102066,5
185,38637,4
186,1285,2
186,76494,4
186,41358,1
186,58443,3
187,9225,2
187,97937,2
187,68145,1
187,61887,4
187,48642,2
188,30314,5
188,52496,2
188,71337,1
189,28518,5
189,58228,5
189,84883,3
189,82158,1
189,32535,3
191,95962,3
191,92105,3
191,77348,5
193,81680,4
193,110938,5
193,11130,4
193,33088,3
193,12424,1
194,4423,2
194,75806,3
194,37970,1
195,13244,4
195,46963,4
195,107522,2
195,25569,5
195,49245,2
198,78889,5
198,57717,5
198,808,4
200,89734,2
200,30307,3
200,9034,4
200,111258,3
200,99980,4
201,95619,3
201,109758,4
201,111549,1
202,98144,3
202,80534,4
202,59189,5
203,92031,1
203,47019,3
203,30868,2
203,89773,2
206,60098,5
206,113191,2
206,101406,4
206,102436,1
206,36211,5
207,7759,5
207,69796,3
207,106325,1
207,15038,4
208,54071,4
208,64742,5
208,102640,3
208,6211,2
208,72410,2
209,28823,3
209,52395,3
209,88065,1
209,111900,4
210,11707,2
210,64450,1
210,3790,3
211,3591,4
211,8730,5
211,2228,3
212,111984,3
212,104015,2
212,96226,4
212,42399,4
214,35434,3
214,112124,2
214,58816,5
214,49162,5
214,99672,4
215,33652,3
215,51323,2
215,87442,1
217,47097,5
217,66463,2
217,74240,2
217,92982,3
217,55275,2
219,7794,3
219,96201,5
219,10371,5
220,74983,4
220,92522,1
220,70061,3
220,50759,4
220,94806,5
221,30301,4
221,63973,5
221,89845,3
221,90806,4
221,10418,4
223,104786,4
223,15487,4
223,83742,1
224,22488,4
224,58317,5
224,13610,2
224,112510,1
228,47196,4
228,10255,4
228,6537,5
228,78966,4
232,80175,1
232,10436,1
232,27329,2
233,89442,3
233,69355,1
233,79926,3
233,48791,3
233,8466,3
234,36753,2
234,81783,3
234,3759,2
234,79939,1
234,17676,3
235,110306,2
235,82118,3
235,5393,2
236,80752,4
236,19526,4
236,15363,5
236,86650,4
237,55835,5
237,81371,1
237,14861,4
237,13406,4
237,113541,2
238,7356,5
238,80799,4
238,69696,5
238,103696,2
239,67214,5
239,84421,3
239,60505,1
239,89120,1
239,85939,2
240,53979,1
240,27510,1
240,29776,4
242,6936,3
242,60387,3
242,108148,4
242,97410,2
245,100992,4
245,106575,3
245,62448,5
245,68025,1
246,47816,2
246,93726,4
246,94262,4
246,79610,4
248,60214,2
248,66824,2
248,28514,3
248,107870,4
250,113145,3
250,35692,3
250,15583,5
250,110547,1
251,3797,5
251,39987,1
251,56424,4
251,31326,2
251,25237,4
252,94307,3
252,75363,3
252,108452,1
252,83885,1
252,17763,1
253,11366,3
253,45450,2
253,25104,4
253,67929,1
253,88755,5
254,51033,3
254,73706,4
254,30562,5
254,10241,4
255,20332,4
255,20459,2
255,901,1
255,69553,3
256,74040,4
256,107821,2
256,98302,5
256,36852,5
257,76778,1
257,23583,1
257,45444,3
257,59911,3
257,52061,1
258,1965,2
258,53258,3
258,21744,4
258,43901,5
259,7566,5
259,84185,4
259,58746,1
259,97084,3
259,68869,5
260,38444,4
260,35852,1
260,58259,2
260,45914,5
263,100777,4
263,48689,1
263,34160,1
263,84321,1
263,52764,3
264,18549,2
264,36024,1
264,40260,5
264,97610,5
265,52584,5
265,112315,4
265,62374,5
265,76234,5
269,58568,5
269,465,1
269,103484,3
269,99614,3
269,100711,2
270,24972,3
270,60509,3
270,45135,5
270,53253,1
271,38408,4
271,67963,1
271,62236,2
271,89294,2
271,63345,4
272,26376,5
272,11033,4
272,81842,2
272,31059,2
272,72253,2
273,42752,1
273,50745,1
273,46680,2
273,76701,3
275,109393,3
275,102501,2
275,104485,4
275,14176,3
281,9138,5
281,62086,5
281,54142,2
281,19607,2
281,56925,4
283,82351,4
283,18791,5
283,59316,5
283,11918,5
283,18961,2
285,68401,3
285,50165,4
285,56044,3
285,37137,4
285,2462,1
289,62991,4
289,74471,3
289,22097,1
289,96244,2
296,8754,2
296,10231,2
296,108038,1
296,95614,3
297,63596,5
297,34232,3
297,86970,5
297,63721,5
299,23036,1
299,70910,1
299,109388,4
299,86616,4
301,86322,5
301,38967,3
301,72011,5
301,107776,5
302,90351,3
302,1647,5
302,81517,3
302,1011,4
304,106805,5
304,84866,5
304,83322,3
304,46406,1
304,107903,5
309,44996,5
309,35212,5
309,29084,5
309,103444,5
311,110406,3
311,6954,2
311,30775,4
311,77056,5
312,3659,4
312,34913,4
312,20205,5
312,32586,3
312,41357,3
313,8703,1
313,101200,3
313,94983,1
313,61715,1
313,69684,2
316,246,3
316,53762,5
316,9909,2
316,38474,4
317,90136,1
317,32000,1
317,61868,2
317,54030,2
317,7489,5
318,11414,4
318,108598,2
318,4237,4
318,5713,4
319,41915,2
319,9138,1
319,71811,3
319,36082,3
319,43979,2
320,97361,4
320,7442,4
320,76290,5
320,17979,3
320,40290,2
321,96685,3
321,35258,4
321,89623,5
321,7896,1
321,97316,1
322,4456,1
322,41797,3
322,99478,5
322,101818,2
324,102420,4
324,28580,1
324,27838,3
324,100397,5
324,59557,3
327,48723,3
327,51699,4
327,54952,5
327,44362,5
328,38976,5
328,60907,1
328,96617,4
328,62860,2
331,105992,5
331,88435,4
331,51807,5
331,109255,3
331,99429,5
332,80934,3
332,113949,1
332,96682,5
332,54475,3
332,97601,1
333,76997,3
333,39111,4
333,92072,4
333,6495,5
334,42931,2
334,17055,3
334,12755,1
334,99450,5
334,2658,1
335,87976,3
335,16176,5
335,83294,1
335,46528,1
337,87329,3
337,3826,2
337,13427,1
337,30933,2
338,70990,5
338,94437,4
338,11474,1
338,22475,4
339,21658,3
339,94770,4
339,40782,5
339,18271,5
341,86881,5
341,20401,5
341,49786,2
341,37657,4
341,35520,2
344,3617,2
344,1728,4
344,60140,3
344,23587,4
347,7656,2
347,9858,3
347,91811,4
347,5473,2
352,14266,5
352,33904,2
352,73949,1
352,25852,1
352,113544,1
355,58220,3
355,94376,2
355,7617,1
355,50075,4
355,64576,1
357,41262,3
357,95428,5
357,13474,5
357,73720,5
359,47509,2
359,99005,5
359,74339,1
359,49174,3
359,84127,5
360,40360,1
360,26830,4
360,8532,2
360,105076,4
364,30982,3
364,33915,3
364,18670,5
364,37860,4
366,67721,4
366,44800,4
366,2918,1
366,13587,5
366,110302,3
371,56297,2
371,57319,1
371,11586,2
371,110528,1
371,14695,1
375,107266,5
375,24737,5
375,14780,1
375,14385,2
378,15833,1
378,102477,2
378,82446,2
378,65381,1
379,38619,4
379,27044,4
379,40520,3
379,48186,1
380,70229,2
380,73997,3
380,18040,4
380,27175,2
380,78634,1
382,50519,4
382,71147,3
382,94571,1
382,94397,3
382,73219,2
386,18251,3
386,48297,1
386,96819,3
386,100822,5
386,81263,3
389,13751,2
389,58347,5
389,91711,4
389,94111,1
389,63711,4
392,5663,5
392,32746,3
392,94462,5
392,79178,2
392,100192,5
393,57367,1
393,107794,4
393,5973,2
393,49442,1
400,17096,2
400,50076,4
400,26798,3
400,19380,4
402,59901,2
402,62836,5
402,52557,2
402,13164,4
402,82389,2
404,34998,4
404,28575,2
404,28357,1
404,42713,2
404,56023,5
405,58298,1
405,38093,2
405,56446,1
405,49381,1
408,112427,3
408,38670,1
408,91998,1
408,39275,3
411,25713,5
411,11064,3
411,66219,5
411,46270,5
413,94196,5
413,46318,3
413,74266,2
413,6255,3
413,85121,5
417,85017,4
417,94640,1
417,84819,2
417,71163,4
421,91516,3
421,71566,1
421,104703,3
421,94244,2
421,80100,4
422,99821,5
422,105823,2
422,103754,4
422,99423,4
426,107909,4
426,74164,3
426,59518,1
426,14593,5
426,85987,3
428,107024,5
428,98408,5
428,111593,4
428,39383,4
428,75041,1
430,34734,3
430,104863,2
430,66961,3
430,35697,1
434,32209,5
434,68416,5
434,34450,2
434,26003,3
437,91004,3
437,53585,2
437,108451,4
437,8248,5
445,108120,5
445,49432,1
445,108155,3
445,112774,2
451,14162,4
451,113444,3
451,44158,1
451,30118,4
452,78233,5
452,46673,4
452,68763,4
452,62050,5
453,53473,1
453,18351,3
453,86608,3
453,67499,2
456,90808,2
456,50793,3
456,113685,1
456,61290,1
456,1793,2
459,55408,2
459,98866,4
459,79721,2
459,89058,3
459,50728,5
460,18045,4
460,6137,5
460,98956,4
460,21923,3
460,84506,4
462,4677,4
462,94650,2
462,69405,5
462,11972,5
462,82063,1
465,13651,5
465,38008,5
465,77275,2
465,73461,1
469,32521,2
469,60700,5
469,10604,1
469,71259,5
469,62216,2
471,22694,3
471,44999,3
471,42429,4
471,42491,5
473,11779,4
473,97272,5
473,66547,3
473,76055,5
473,58562,3
474,87556,4
474,61210,5
474,107105,3
474,68864,2
474,107985,5
477,45897,5
477,71859,5
477,37099,5
477,32185,3
477,36427,2
478,76368,2
478,88588,5
478,68106,1
478,59766,3
478,112459,5
479,34355,4
479,37796,3
479,843,2
479,17397,5
480,98878,3
480,49512,2
480,974,5
480,107862,3
481,57680,5
481,8646,5
481,78702,3
481,35206,2
481,19078,2
483,66198,5
483,85653,2
483,34238,5
483,79365,3
484,13985,2
484,51195,5
484,111444,4
484,77766,3
486,58209,4
486,32636,2
486,100542,5
486,89055,4
486,79383,5
489,45102,1
489,30340,5
489,7277,1
489,75870,2
494,69851,4
494,104315,1
494,790,2
494,86933,1
494,50619,4
502,98443,1
502,107933,2
502,81933,3
502,1471,1
510,15678,5
510,46193,1
510,18123,5
510,66731,3
512,94293,5
512,41549,2
512,38447,5
512,106805,1
516,22576,3
516,41733,1
516,62420,3
516,84901,2
516,99704,5
518,8124,4
518,40792,4
518,12327,4
518,57385,2
521,10656,2
521,78548,3
521,64346,2
521,72476,5
521,72437,5
523,98368,1
523,90056,5
523,64611,1
523,68092,4
523,92867,3
528,39810,1
528,31835,2
528,108417,4
528,52144,2
529,29197,2
529,6703,4
529,86003,2
529,28280,5
529,61751,5
534,70776,2
534,84729,2
534,70320,5
534,10944,5
536,40957,5
536,81202,2
536,71951,4
536,72718,1
536,23014,4
537,89832,1
537,80800,3
537,47646,4
537,84660,4
539,16643,4
539,51303,4
539,9485,4
539,42233,1
539,42453,4
541,29764,3
541,94100,5
541,62097,3
541,57272,1
541,50661,3
543,71331,3
543,3110,2
543,19515,2
543,5921,1
543,65459,1
545,43291,2
545,107302,4
545,98,1
545,25454,4
545,40124,3
549,48415,4
549,92591,4
549,83758,3
549,54844,5
549,102665,4
551,15810,4
551,46079,3
551,70148,1
551,62473,1
551,73970,1
556,52568,5
556,89214,4
556,110250,5
556,102283,3
557,111788,5
557,81623,1
557,65264,5
557,62386,4
560,85353,1
560,60160,1
560,73449,3
560,91948,1
562,35731,5
562,71391,4
562,22681,4
562,4971,3
562,78600,2
564,31463,5
564,83299,3
564,58072,4
564,111802,1
564,57987,3
577,49454,4
577,10836,4
577,83148,1
577,112556,2
577,4473,4
581,48624,1
581,54244,2
581,77663,2
581,23339,3
581,70449,1
582,67613,5
582,19245,2
582,102421,1
582,28049,3
585,55695,5
585,77432,2
585,77190,2
585,82990,4
589,96180,3
589,41609,2
589,68211,4
589,42263,4
589,66461,5
591,52839,4
591,24433,2
591,59549,1
591,31255,2
592,98693,3
592,28072,2
592,88745,3
592,48857,5
593,3834,5
593,108863,5
593,107919,4
593,50036,5
593,106416,1
595,102475,5
595,67317,1
595,95553,2
595,37134,4
602,53871,2
602,97163,1
602,48160,1
602,104626,1
606,42708,2
606,81791,2
606,77293,3
606,93007,4
606,14649,5
612,7646,2
612,76896,2
612,92266,2
612,66268,4
614,72188,5
614,90928,5
614,80244,5
614,12081,1
615,23421,3
615,113903,3
615,55554,5
615,95074,5
615,11326,3
616,26627,2
616,64893,1
616,92658,1
616,56785,1
616,65592,1
617,66226,1
617,45049,4
617,33567,1
617,44321,3
623,1201,1
623,73032,4
623,107711,1
623,86934,1
624,37441,5
624,20241,4
624,25357,5
624,93444,4
624,47907,3
625,72427,4
625,69745,2
625,54754,3
625,63116,2
629,58926,4
629,110237,5
629,75391,1
629,71238,5
631,94649,5
631,101548,3
631,22756,2
631,44245,1
633,52568,2
633,54023,5
633,57641,4
633,8820,2
633,104773,3
634,71055,4
634,89026,1
634,84433,2
634,52195,2
635,43431,4
635,75626,4
635,4680,1
635,19930,5
637,81873,5
637,44984,1
637,46585,3
637,72356,1
637,40083,5
639,32714,1
639,36127,4
639,50700,1
639,105241,4
640,11405,4
640,45610,5
640,18229,3
640,38407,3
640,72083,1
644,8170,1
644,81763,4
644,87836,5
644,8842,4
644,88533,1
645,42236,3
645,112618,2
645,44917,5
645,14026,1
646,64564,4
646,26049,1
646,78544,5
646,97760,3
647,62740,2
647,34253,1
647,69362,2
647,24870,4
647,109439,4
648,65158,1
648,50606,1
648,86867,5
648,61613,2
650,84008,4
650,62755,1
650,106361,5
650,67978,3
652,98988,1
652,66282,2
652,29804,1
652,60352,4
652,74341,3
654,87196,4
654,9347,3
654,48948,2
654,12057,1
655,67885,2
655,57656,3
655,6948,1
655,104043,5
657,36163,3
657,77426,1
657,84877,1
657,76164,1
658,106706,2
658,6221,4
658,1874,2
658,58468,3
658,38703,3
666,45868,4
666,2497,5
666,59231,3
666,109668,4
669,59894,5
669,11433,3
669,99683,5
669,83748,2
669,75493,1
671,70368,1
671,11053,5
671,59713,4
671,34695,2
672,87478,5
672,107789,3
672,102747,2
672,107846,5
672,91182,1
673,108030,1
673,4608,2
673,46119,2
673,70149,2
675,24537,5
675,109132,3
675,107311,2
675,50334,4
675,101650,4
680,20583,2
680,27907,2
680,2154,1
680,93338,5
681,40639,3
681,78489,5
681,89961,5
681,83522,1
682,42985,1
682,96938,2
682,73767,2
682,72590,4
683,38447,2
683,74669,5
683,93645,4
683,1149,3
684,33533,4
684,64820,5
684,4844,1
684,2097,1
689,69285,4
689,9460,1
689,101674,3
689,72794,1
690,30951,2
690,90881,1
690,110886,2
690,8197,4
690,89561,5
693,37774,1
693,8283,5
693,97822,5
693,60303,2
693,80579,4
696,56057,2
696,99775,2
696,14522,1
696,20329,1
698,73433,5
698,42169,1
698,28467,4
698,40183,3
698,112038,4
699,14228,5
699,15042,4
699,90473,2
699,45260,3
699,25164,3
702,97020,2
702,37243,5
702,56765,1
702,89054,2
702,62580,2
703,65338,3
703,51372,1
703,9252,2
703,36588,5
705,29211,2
705,57525,1
705,41231,1
705,53480,2
705,31881,1
708,44292,2
708,78927,2
708,61656,3
708,30333,2
709,87712,4
709,52209,2
709,87405,4
709,34076,2
710,58611,1
710,87120,3
710,89843,5
710,61818,1
711,65081,5
711,108050,1
711,2827,4
711,92009,4
714,13128,1
714,110238,2
714,40312,5
714,11880,4
714,36611,3
719,105865,3
719,40019,5
719,22053,5
719,90063,5
720,95282,5
720,81959,4
720,112177,2
720,85808,1
720,32845,1
723,93610,2
723,33139,3
723,72156,5
723,108812,4
723,97669,3
724,30208,1
724,104154,4
724,110197,1
724,4526,2
724,101096,2
725,13762,4
725,89183,3
725,62809,5
725,11142,4
725,1144,5
730,66587,1
730,71160,1
730,35728,5
730,10567,4
733,23882,3
733,33999,3
733,70935,1
733,93951,3
734,93071,4
734,41080,2
734,70496,5
734,108320,2
735,21341,2
735,43339,2
735,43880,3
735,32971,3
735,31046,5
737,6705,5
737,9338,4
737,7935,3
737,2079,5
737,13140,1
738,7423,4
738,56471,5
738,27160,4
738,36677,2
738,14009,5
740,64617,5
740,44842,5
740,53022,3
740,78668,3
740,4921,1
741,76089,4
741,41159,5
741,92396,5
741,8847,2
741,20691,5
743,55173,1
743,74130,1
743,6006,2
743,70588,5
743,75494,1
744,102252,1
744,113847,2
744,90279,4
744,90200,4
744,40053,3
746,12424,1
746,52584,5
746,12619,2
746,3923,1
750,54449,1
750,48544,1
750,65658,4
750,65146,4
754,38247,5
754,103496,2
754,57371,4
754,53244,4
754,87761,3
756,45206,3
756,21156,3
756,60203,2
756,22155,1
756,94679,5
759,11572,2
759,32023,5
759,12,1
759,41004,5
763,33829,1
763,3934,4
763,57498,2
763,37199,1
763,60212,4
764,10970,1
764,91717,3
764,15623,3
764,85034,5
765,34449,4
765,104170,3
765,113388,4
765,50176,4
765,68775,4
766,93431,3
766,45640,1
766,28660,5
766,4882,2
766,92015,5
768,106813,3
768,81088,2
768,108106,2
768,22597,4
769,75585,3
769,31724,1
769,53067,4
769,107316,1
769,6534,2
771,58236,3
771,28800,3
771,30159,3
771,60299,4
771,10173,4
772,87036,2
772,27400,4
772,15359,2
772,60745,2
775,111830,3
775,44082,4
775,88931,1
775,87606,2
777,71604,4
777,103164,5
777,52429,3
777,50706,2
777,94867,4
781,93197,2
781,102313,4
781,94391,4
781,36561,5
781,65858,3
782,2272,2
782,111832,3
782,85383,2
782,60729,5
782,64683,5
785,6825,3
785,7654,2
785,21134,4
785,69086,5
785,44923,5
786,49213,4
786,86714,5
786,108170,2
786,53005,1
786,39585,3
790,101537,5
790,66174,2
790,74034,2
790,6946,1
790,90987,3
792,59470,5
792,21698,2
792,57804,5
792,72621,5
793,5707,3
793,112452,2
793,77940,2
793,62854,4
794,64235,2
794,100025,2
794,52834,3
794,17125,5
794,63005,5
795,49605,1
795,85108,4
795,4428,4
795,106377,1
795,95582,4
811,101280,1
811,71920,4
811,85323,4
811,92180,2
812,20823,2
812,56369,1
812,104484,2
812,112724,5
815,46854,3
815,18672,5
815,37564,3
815,38194,2
815,75115,3
817,51852,3
817,72022,3
817,89182,4
817,55385,1
822,15718,1
822,15550,2
822,37191,2
822,61236,2
822,47994,4
825,62529,3
825,55581,1
825,21894,5
825,36852,1
825,38398,4
826,81113,2
826,105266,2
826,33535,3
826,87764,1
826,18664,1
827,74299,2
827,51294,5
827,38105,2
827,111211,5
828,32442,3
828,31320,2
828,80444,5
828,107429,2
830,64959,2
830,50052,5
830,87924,3
830,91269,5
830,111024,4
831,55803,4
831,32028,1
831,21969,3
831,60857,5
831,94373,4
835,46487,3
835,55466,3
835,22112,5
835,54508,1
842,22852,2
842,24324,1
842,53651,5
842,74249,5
842,96416,1
843,1044,3
843,61692,3
843,55886,3
843,105467,1
843,9302,5
844,80027,1
844,22908,2
844,37188,2
844,77109,5
846,32489,3
846,63618,5
846,98786,4
846,73588,4
853,18732,3
853,89441,3
853,113373,3
853,62501,2
860,100006,3
860,571,1
860,83542,1
860,22725,3
862,91918,1
862,22249,5
862,12652,4
862,105677,5
862,22040,3
866,24906,1
866,31297,5
866,101790,5
866,93851,5
869,7798,4
869,83658,3
869,64045,1
869,112156,4
869,64278,1
871,48801,1
871,57556,2
871,112436,5
871,107745,1
871,45192,1
872,53941,5
872,103098,4
872,92461,4
872,16919,4
872,109103,2
873,46483,4
873,17702,4
873,111683,2
873,69598,5
873,10868,1
875,44020,3
875,84162,2
875,66305,2
875,60797,4
877,74505,3
877,5330,1
877,69461,3
877,45984,5
877,56590,5
878,27713,4
878,27252,1
878,74550,4
878,57477,4
879,16843,5
879,48395,2
879,61430,1
879,15249,1
882,95230,3
882,42903,4
882,101010,2
882,85768,1
882,44090,1
883,103318,2
883,66944,2
883,89145,5
883,109882,5
883,40369,1
885,70508,3
885,19199,1
885,50679,5
885,84725,1
885,46273,3
888,87156,3
888,42827,4
888,73635,4
888,29922,3
891,112760,3
891,61362,5
891,43913,2
891,108015,2
892,26958,5
892,36505,4
892,67599,3
892,76977,3
892,3866,2
898,27007,5
898,58624,3
898,77779,5
898,100112,1
898,23395,4
899,51231,3
899,51142,3
899,52384,2
899,38724,2
899,100266,5
903,68577,2
903,12720,4
903,99932,5
903,26395,4
903,25451,5
904,16139,2
904,34548,2
904,106336,1
904,54727,2
904,13863,2
906,31445,3
906,43550,1
906,962,2
906,3034,1
906,48430,4
907,80387,3
907,58126,5
907,32280,2
907,66930,3
907,53030,1
911,67764,5
911,64900,5
911,92374,2
911,4047,1
912,24274,5
912,95201,5
912,77047,1
912,113388,1
915,55980,5
915,55752,4
915,106963,3
915,45551,5
915,31503,2
917,73696,3
917,26553,1
917,112306,1
917,42098,4
917,65331,3
919,35479,4
919,72638,3
919,63797,4
919,108042,5
919,64529,1
922,19041,3
922,77989,1
922,39407,4
922,78553,1
928,45999,5
928,24884,3
928,74738,2
928,105057,4
928,109646,5
929,1536,2
929,59640,2
929,6147,1
929,94350,3
934,42267,3
934,30223,5
934,34428,2
934,29340,3
937,93140,3
937,99998,5
937,14512,1
937,63888,1
937,78178,2
938,63020,2
938,31454,1
938,58975,3
938,102119,5
938,78002,4
939,102093,2
939,84416,2
939,82045,5
939,42790,5
939,751,2
942,8847,5
942,3563,2
942,57393,4
942,42902,2
942,113914,1
943,75157,5
943,91227,2
943,23070,5
943,31062,2
944,44288,3
944,25866,2
944,14017,5
944,82247,3
944,55724,1
945,31701,2
945,35788,5
945,96567,3
945,92003,5
948,100289,4
948,54706,3
948,44028,1
948,82995,3
949,47425,5
949,100508,2
949,86561,5
949,49194,3
952,10320,2
952,110806,1
952,94088,1
952,95677,3
965,59585,3
965,99988,5
965,103968,3
965,97307,3
965,109585,5
987,12865,3
987,12720,1
987,110108,1
987,79804,4
987,102240,2
990,61315,5
990,56913,4
990,108764,2
990,69868,4
990,92025,4
992,85353,5
992,49669,5
992,22250,3
992,111726,3
992,5010,3
1010,108255,4
1010,81338,3
1010,77069,4
1010,60729,2
1010,50596,2
1011,10663,3
1011,69275,3
1011,12873,1
1011,14400,4
1011,19301,3
1015,57782,3
1015,33485,5
1015,112518,3
1015,113670,5
1015,111322,5
1017,3228,3
1017,38806,3
1017,5053,2
1017,1301,3
1017,88340,1
1030,54183,1
1030,57603,1
1030,15052,5
1030,5572,4
1032,48031,5
1032,33759,2
1032,51175,4
1032,66382,5
1033,89475,2
1033,42176,1
1033,72702,1
1033,101562,1
1034,56635,4
1034,89188,5
1034,93388,4
1034,74310,1
1036,2522,5
1036,2738,5
1036,2741,5
1036,2661,5
1036,2412,5
1036,2607,5
1036,2175,5
1036,2716,5
1036,2863,5
1036,2001,1
1036,2002,1
1036,2003,1
1036,2004,1
1036,2005,1
1036,2006,1
1036,2007,1
1036,1741,5
1036,1057,5
1036,2011,5
1036,2014,5
1036,2013,5
1036,1522,5
1036,1412,5
1036,2670,1
1036,2750,1
1036,2814,1
1,43235,5
1,3687,2
1,52262,1
1,92757,1
1,8398,2
1,71950,5
1,3455,5
2,41743,4
2,41273,3
2,31921,3
2,9524,5
2,76109,1
2,100259,3
2,42409,4
3,58210,3
3,76041,1
3,110791,3
3,97759,3
3,90896,3
3,98570,4
3,26603,2
4,60152,3
4,93500,3
4,23057,2
4,45599,3
4,19388,5
4,4527,1
4,32913,5
5,19192,2
5,2814,2
5,35399,2
5,107228,5
5,29386,4
5,15416,3
5,51771,4
6,65794,4
6,35354,3
6,57943,2
6,97523,1
6,14153,4
6,52658,1
6,35324,4
7,49270,3
7,21986,3
7,22829,4
7,78780,5
7,99582,4
7,44134,1
7,100634,2
8,41184,2
8,72844,1
8,113578,1
8,66478,5
8,40681,2
8,6967,5
8,42154,5
9,93344,3
9,102357,1
9,24063,1
9,7758,1
9,65747,1
9,5578,5
9,103681,5
10,85780,4
10,113076,3
10,41117,3
10,88905,1
10,11374,4
10,12341,1
10,5333,2
11,62914,2
11,73406,4
11,73995,4
11,41718,1
11,22295,2
11,96508,4
11,105127,2
12,105495,3
12,61958,3
12,58993,2
12,37399,5
12,21551,2
12,38032,5
12,93137,4
13,10540,5
13,74765,2
13,88567,1
13,41276,1
13,32535,4
13,25552,1
13,37085,1
14,24162,5
14,94790,1
14,98762,1
14,94733,3
14,108017,5
14,20617,2
14,47052,4
15,102433,4
15,7061,2
15,93435,2
15,6798,1
15,103494,4
15,44162,4
15,13197,4
16,91929,4
16,49823,2
16,109576,1
16,6040,2
16,85156,2
16,12829,3
16,30930,2
17,102254,1
17,43910,3
17,56360,2
17,112813,1
17,81386,4
17,44593,4
17,67438,2
18,71140,5
18,10133,2
18,45042,4
18,6919,1
18,106164,5
18,71343,3
18,71996,5
19,43523,4
19,79265,5
19,80035,5
19,31109,1
19,85379,3
19,25539,1
19,96782,1
20,105602,1
20,84598,3
20,38147,5
20,70019,3
20,60699,2
20,75417,4
20,30082,4
21,50907,2
21,49451,4
21,57366,2
21,28541,4
21,25594,1
21,26313,3
21,1202,2
22,12359,5
22,56806,3
22,28451,3
22,90940,3
22,93988,4
22,92169,1
22,14031,1
23,94406,5
23,45386,2
23,96698,4
23,24610,3
23,93602,1
23,77753,2
23,64385,5
24,23072,1
24,44934,1
24,24308,2
24,94869,4
24,96287,1
24,73485,5
24,93254,5
25,101675,4
25,34071,1
25,34742,4
25,2291,5
25,54830,2
25,13367,2
25,10564,4
26,40397,3
26,3643,5
26,95354,4
26,31741,4
26,86062,4
26,89487,2
26,14770,5
27,96839,3
27,84251,2
27,17473,4
27,60136,2
27,61354,1
27,112210,3
27,2064,5
28,70708,3
28,71206,3
28,42916,4
28,98452,2
28,73243,1
28,7757,3
28,30641,2
29,68754,1
29,81280,5
29,105584,5
29,62824,3
29,60513,4
29,42663,2
29,23283,1
30,82415,2
30,63962,2
30,27871,3
30,51484,1
30,62046,1
30,38667,5
30,21463,1
31,109274,1
31,103292,2
31,95671,2
31,99442,2
31,82035,3
31,31970,3
31,39253,1
32,9093,2
32,66960,4
32,35697,2
32,56693,4
32,37544,1
32,62229,4
32,38534,3
33,28004,3
33,722,3
33,112369,1
33,71576,1
33,47167,3
33,80894,3
33,80605,2
34,75676,3
34,4704,4
34,112991,4
34,8470,4
34,22950,4
34,77131,3
34,111703,3
35,93366,1
35,40948,2
35,26285,5
35,73368,1
35,93150,1
35,4916,3
35,11857,3
38,46583,1
38,105778,4
38,32395,2
38,51153,4
38,79825,1
38,34065,4
38,107456,2
39,91336,4
39,29490,2
39,75481,5
39,89232,2
39,61859,4
39,54490,5
39,35801,5
43,109194,3
43,48390,2
43,69855,5
43,40909,1
43,54150,4
43,12475,5
43,67020,4
46,17181,5
46,62651,2
46,17699,4
46,39935,1
46,55513,3
46,28450,2
46,52134,5
50,110581,3
50,46331,2
50,11224,3
50,14685,5
50,69154,2
50,8659,1
50,85728,1
51,53794,4
51,72115,3
51,18281,2
51,74919,1
51,106957,1
51,107218,5
51,8681,4
52,81905,5
52,58573,3
52,17566,4
52,72740,5
52,26673,5
52,28601,2
52,2900,2
53,91062,5
53,31087,1
53,36158,5
53,29285,1
53,5535,1
53,63677,5
53,92198,4
54,35169,2
54,26614,5
54,50460,1
54,62778,1
54,7013,4
54,109367,4
54,6928,4
57,88839,3
57,57280,5
57,73389,4
57,68413,3
57,111630,5
57,21463,2
57,42351,5
58,19434,5
58,81281,1
58,57872,2
58,68101,4
58,96316,4
58,46762,5
58,6067,5
65,30508,3
65,6675,4
65,7139,4
65,47180,1
65,78903,4
65,99329,2
65,102968,5
66,22832,5
66,70120,5
66,17168,5
66,33954,3
66,104271,5
66,67797,5
66,107665,5
69,53094,2
69,63789,3
69,65466,2
69,89895,3
69,53956,4
69,44953,5
69,24745,3
70,43788,2
70,35010,3
70,45580,2
70,84920,5
70,101758,1
70,81265,5
70,57537,1
72,99865,4
72,31590,3
72,12515,5
72,27324,2
72,38199,4
72,64497,5
72,32049,5
77,2321,1
77,69097,5
77,28214,2
77,110086,4
77,102367,3
77,55001,3
77,102387,4
78,16786,2
78,54610,2
78,111104,1
78,2314,3
78,82001,3
78,36545,2
78,56570,3
79,386,5
79,29521,3
79,988,5
79,10476,2
79,63036,2
79,104225,1
79,42869,5
80,57246,4
80,15564,1
80,19697,1
80,47398,5
80,74115,2
80,16632,1
80,68940,4
82,54901,3
82,36794,2
82,110268,5
82,50764,4
82,106513,2
82,25120,3
82,25988,3
87,41745,1
87,75319,2
87,104888,1
87,55724,1
87,7332,3
87,101037,2
87,84424,3
88,37069,5
88,58334,1
88,39099,1
88,11360,5
88,59259,1
88,97165,1
88,30711,5
90,21518,3
90,76316,1
90,99552,1
90,34429,3
90,54396,1
90,70073,5
90,81187,5
93,109613,3
93,49297,1
93,106495,1
93,48230,2
93,94801,3
93,73480,5
93,111497,1
96,86087,3
96,29222,4
96,37140,5
96,26017,1
96,112677,4
96,58616,1
96,108022,2
98,47256,4
98,31886,2
98,91088,3
98,39562,2
98,61985,5
98,38594,3
98,79086,4
99,54051,5
99,93018,4
99,96528,5
99,53958,4
99,92974,3
99,92666,1
99,76724,2
100,20324,5
100,61355,3
100,84298,5
100,41160,5
100,24313,1
100,39949,5
100,59841,2
101,103730,2
101,76771,5
101,28385,3
101,50809,1
101,44786,3
101,71000,3
101,67372,5
103,20265,4
103,54262,2
103,87521,3
103,69504,1
103,53494,5
103,35396,5
103,55811,2
107,47341,5
107,1560,5
107,66559,3
107,111071,2
107,80657,3
107,14707,3
107,16153,2
108,75179,1
108,106527,1
108,59239,2
108,98555,5
108,50439,5
108,105357,4
108,84012,2
109,1500,3
109,22430,1
109,107891,1
109,108557,3
109,28612,2
109,34333,1
109,21950,1
110,8174,5
110,97211,3
110,55220,4
110,7632,4
110,20263,3
110,76652,4
110,68880,3
114,10388,1
114,103349,4
114,110905,5
114,33936,5
114,11636,4
114,74148,2
114,50165,1
117,48260,5
117,13607,1
117,16225,5
117,106109,1
117,79127,2
117,24826,4
117,102615,3
118,106101,3
118,47781,5
118,51347,3
118,1126,3
118,37251,1
118,100535,5
118,63137,2
120,64874,1
120,110344,5
120,104767,2
120,107274,1
120,21838,3
120,87022,1
120,67520,3
121,47484,1
121,85844,4
121,110946,2
121,70339,4
121,85968,4
121,109727,3
121,64451,4
123,44760,4
123,80184,2
123,107324,1
123,63815,1
123,112610,2
123,61302,2
123,102299,3
126,9523,3
126,34189,3
126,16098,2
126,823,2
126,109013,5
126,87934,5
126,71758,5
129,93456,5
129,104502,1
129,78786,4
129,70628,1
129,38866,2
129,113128,2
129,30874,3
131,112324,3
131,75412,1
131,65190,4
131,18830,2
131,38966,4
131,13630,2
131,56660,3
134,24066,5
134,40805,3
134,11291,4
134,68538,4
134,71982,3
134,10845,2
134,51639,4
136,81203,5
136,46091,3
136,34610,4
136,61884,3
136,47274,4
136,11562,1
136,112926,5
148,105731,5
148,30367,3
148,112659,1
148,4661,1
148,87084,2
148,72319,3
148,25069,4
149,56597,5
149,24971,4
149,29393,2
149,47332,2
149,76787,4
149,46264,5
149,52470,2
156,64704,5
156,15900,2
156,87434,1
156,35567,4
156,59776,3
156,78956,2
156,74340,1
157,82430,2
157,93261,4
157,11268,4
157,44927,4
157,13895,2
157,66907,3
157,55983,2
162,31857,2
162,68499,2
162,12714,3
162,73560,5
162,79484,4
162,103787,4
162,31111,1
163,35543,2
163,13576,5
163,50191,4
163,87484,2
163,42294,4
163,11074,1
163,51830,4
165,87295,2
165,72363,3
165,82117,5
165,8083,5
165,38980,4
165,21970,1
165,64229,1
166,102327,3
166,111887,2
166,74556,2
166,21879,2
166,66726,3
166,11503,2
166,21926,5
169,112867,2
169,44141,4
169,101670,5
169,92432,5
169,51690,1
169,37663,3
169,74140,3
170,76676,3
170,39692,3
170,40091,1
170,11343,3
170,28543,3
170,18216,1
170,54055,1
172,79226,2
172,46422,1
172,14617,5
172,28844,4
172,66108,1
172,50286,5
172,46972,3
174,20007,2
174,62523,1
174,22838,4
174,24709,1
174,111422,4
174,84524,2
174,7501,1
177,108102,3
177,67982,1
177,49563,1
177,68851,4
177,18737,5
177,76127,4
177,21344,5
178,53372,1
178,95916,2
178,36174,2
178,103875,3
178,70149,4
178,74583,4
178,7921,3
180,63317,5
180,26867,2
180,101334,5
180,43611,3
180,110225,2
180,64228,1
180,46574,1
181,62312,5
181,26622,5
181,94208,1
181,10442,3
181,97883,5
181,63444,3
181,31077,4
182,65497,3
182,24294,4
182,28067,2
182,51215,2
182,57566,4
182,69935,1
182,43553,3
183,33103,3
183,2216,5
183,6456,3
183,51788,3
183,111887,2
183,1072,3
183,111184,2
184,100066,3
184,18791,5
184,34967,5
184,10115,5
184,35575,3
184,21196,2
184,86476,4
185,110695,2
185,7675,4
185,22394,4
185,65352,1
185,78160,4
185,24564,5
185,58974,3
186,91045,4
186,66638,4
186,80665,4
186,29719,2
186,25799,4
186,99431,5
186,26457,3
187,68388,5
187,35669,4
187,15581,1
187,37977,5
187,85507,2
187,101873,3
187,91681,2
188,11408,5
188,82372,3
188,30269,4
188,38672,4
188,9391,5
188,61958,5
188,81017,1
189,56040,3
189,10653,5
189,113629,2
189,46498,3
189,86551,4
189,74819,4
189,46401,2
191,39502,1
191,52883,3
191,104608,2
191,39016,3
191,48643,3
191,65753,5
191,31770,5
193,45602,5
193,14354,1
193,5659,4
193,40173,4
193,40522,3
193,97608,3
193,39049,3
194,66324,1
194,59390,2
194,62002,1
194,51510,2
194,97951,1
194,52516,1
194,17560,3
195,32122,5
195,99821,1
195,105558,2
195,31162,1
195,46013,4
195,61940,3
195,10790,1
198,73983,1
198,46085,2
198,13584,1
198,72603,5
198,31466,2
198,65455,3
198,34659,2
200,89724,3
200,36874,1
200,99848,3
200,10907,2
200,22620,4
200,2623,4
200,36203,3
201,49581,4
201,27372,5
201,64607,4
201,74959,4
201,109692,3
201,34052,1
201,37783,1
202,67108,1
202,6089,5
202,60682,4
202,93356,4
202,92211,1
202,97404,2
202,41488,3
203,83200,4
203,97425,4
203,46194,3
203,72893,3
203,91122,4
203,67979,2
203,52628,3
206,45854,3
206,101242,1
206,18777,5
206,46589,3
206,102511,3
206,93058,3
206,58420,2
207,25250,2
207,97496,3
207,53229,3
207,106175,2
207,110358,1
207,97743,3
207,19057,1
208,70413,2
208,69474,2
208,37831,4
208,77027,1
208,84390,2
208,86653,3
208,20321,4
209,45756,3
209,73142,3
209,42730,3
209,26986,2
209,42903,1
209,66498,5
209,53494,5
210,21513,3
210,77256,4
210,44188,1
210,15335,3
210,86775,1
210,33959,2
210,64806,2
211,75172,2
211,99140,3
211,19759,4
211,100198,2
211,57806,1
211,101402,2
211,14370,1
212,11115,4
212,13053,5
212,17496,5
212,29542,3
212,85153,2
212,8775,5
212,55877,2
214,69082,3
214,60989,4
214,12679,3
214,22092,1
214,101465,4
214,29595,3
214,107205,5
215,87658,5
215,74111,3
215,4034,5
215,46981,5
215,46366,3
215,68181,1
215,87514,3
217,55774,5
217,48010,3
217,23973,1
217,18079,5
217,72067,3
217,66763,5
217,10972,3
219,37138,3
219,25245,1
219,30656,4
219,105073,1
219,102455,2
219,39159,3
219,9916,2
220,34470,3
220,83116,3
220,28338,1
220,7105,1
220,24571,5
220,58759,4
220,79366,3
221,18005,3
221,53364,3
221,72446,1
221,3923,4
221,10735,1
221,90863,5
221,76859,5
223,18239,3
223,610,3
223,109067,5
223,109349,3
223,67935,1
223,92961,3
223,93354,4
224,79952,1
224,66416,2
224,54416,3
224,57361,2
224,83198,2
224,83178,4
224,71870,1
228,97636,2
228,30637,2
228,110089,3
228,24890,1
228,31627,3
228,6681,4
228,96866,4
232,53410,2
232,110474,2
232,96156,4
232,26641,1
232,105882,1
232,59802,1
232,50191,2
233,110602,2
233,111405,2
233,56073,2
233,10100,3
233,63207,1
233,63830,5
233,73720,3
234,83218,2
234,63437,5
234,55657,3
234,92019,4
234,106874,5
234,98263,5
234,46538,4
235,43129,2
235,64322,3
235,18828,3
235,93999,1
235,14737,3
235,99381,3
235,37521,3
236,100160,2
236,45597,3
236,49692,3
236,27927,3
236,83352,4
236,85340,1
236,6884,3
237,4652,5
237,48178,1
237,90992,4
237,52486,4
237,27794,2
237,57987,3
237,4507,2
238,98961,3
238,70207,5
238,29093,1
238,36363,5
238,31032,3
238,19444,1
238,87423,2
239,27452,1
239,34268,3
239,85928,1
239,68659,4
239,80265,4
239,95028,2
239,90731,4
240,51784,5
240,81652,1
240,12571,4
240,26091,4
240,85147,5
240,5205,5
240,45763,3
242,66711,5
242,111101,3
242,111887,2
242,28982,5
242,67838,5
242,66474,3
242,8285,2
245,33462,5
245,41919,5
245,100748,1
245,80869,5
245,13593,2
245,49610,2
245,39273,5
246,43574,1
246,103661,4
246,34265,5
246,45532,5
246,51786,5
246,23981,4
246,87025,1
248,94582,3
248,23240,1
248,110399,3
248,68136,1
248,93782,4
248,51927,2
248,62323,1
250,76956,2
250,16442,1
250,85014,3
250,106381,1
250,12613,2
250,80492,4
250,17307,3
251,81684,1
251,30431,5
251,47836,2
251,71204,2
251,104838,1
251,97908,4
251,103691,2
252,66790,1
252,86530,3
252,37141,3
252,112797,4
252,107586,2
252,66555,2
252,52632,4
253,27212,2
253,93530,4
253,42654,5
253,78632,3
253,88147,2
253,34093,4
253,21999,4
254,62496,4
254,53115,4
254,76146,5
254,398,3
254,71961,3
254,64509,1
254,18208,4
255,97561,2
255,106495,4
255,52994,4
255,10454,3
255,74749,4
255,76546,2
255,33402,3
256,1617,4
256,104215,5
256,77827,3
256,74764,1
256,55286,2
256,37768,3
256,33372,4
257,103369,4
257,751,2
257,24868,2
257,47310,2
257,113877,3
257,45178,3
257,31868,3
258,23964,5
258,15093,2
258,95402,4
258,3995,3
258,40835,3
258,98783,4
258,71855,1
259,6582,3
259,74437,2
259,28440,3
259,91822,2
259,13977,2
259,74506,2
259,45323,5
260,79736,4
260,32399,1
260,29312,5
260,85528,3
260,105004,3
260,12655,1
260,81201,3
263,11132,2
263,47457,4
263,69432,3
263,104484,5
263,29235,5
263,2961,1
263,76096,2
264,65610,5
264,3223,4
264,18810,3
264,68656,3
264,7501,4
264,83969,5
265,41500,4
265,42669,4
265,77631,4
265,29709,1
265,91716,4
265,10352,3
269,6921,5
269,21157,2
269,1872,4
269,48731,5
269,113625,4
269,67524,1
270,76633,5
270,32541,1
270,72926,3
270,12458,5
270,111757,4
270,12906,3
271,71169,5
271,26421,1
271,35378,5
271,32379,4
271,76543,3
271,39408,3
272,10786,4
272,105300,4
272,24043,1
272,7084,3
272,96660,4
272,59667,2
273,21524,3
273,4464,2
273,38951,3
273,38262,3
273,93733,4
273,47288,5
275,18731,2
275,19832,4
275,37381,5
275,8407,1
275,20198,2
275,87892,5
281,68514,1
281,77507,3
281,56506,4
281,65318,4
281,97667,4
281,15518,5
283,40952,4
283,110029,5
283,67914,3
283,73984,3
283,81088,1
283,108540,4
285,29865,1
285,43348,3
285,10321,4
285,108986,3
285,32769,2
285,96887,3
289,8790,4
289,102431,2
289,77295,3
289,77140,1
289,103014,1
289,55471,4
296,32099,3
296,54900,2
296,66550,3
296,58854,4
296,22259,4
296,31341,2
297,597,3
297,20928,3
297,57881,4
297,109357,1
297,79760,5
297,76250,5
299,27321,1
299,41923,2
299,79052,1
299,75117,1
299,57991,4
299,60595,2
301,106887,3
301,107014,5
301,6214,5
301,50028,1
301,33501,3
301,24922,2
302,89563,3
302,81112,5
302,43331,3
302,84510,3
302,108817,1
302,46449,3
304,19660,3
304,25710,5
304,2283,2
304,8741,2
304,26668,3
304,51108,1
309,113444,2
309,92663,2
309,62012,2
309,73448,3
309,49957,5
309,106771,1
311,52208,3
311,27532,1
311,97961,5
311,56184,3
311,6655,5
311,19111,3
312,8973,4
312,73587,1
312,35569,3
312,69344,2
312,20374,2
312,102503,3
313,110791,2
313,67677,1
313,71389,2
313,66924,3
313,94289,5
313,59411,5
316,83634,2
316,32241,5
316,42408,1
316,109019,2
316,25958,3
316,78083,1
317,86277,2
317,35769,1
317,101048,1
317,36816,3
317,78033,5
317,30378,4
318,5351,3
318,110652,4
318,63700,2
318,82528,1
318,108878,1
318,78879,4
319,29180,1
319,37507,1
319,97122,5
319,71646,2
319,65676,4
319,80286,5
320,110390,3
320,91480,2
320,33200,1
320,105823,1
320,27285,2
320,28156,1
321,40273,4
321,91767,5
321,16547,1
321,52085,3
321,87523,5
321,7409,4
322,43377,3
322,69346,3
322,87896,5
322,64408,4
322,78336,3
322,98,5
324,97439,5
324,72378,5
324,69198,5
324,8030,3
324,85245,4
324,70605,3
327,53700,1
327,17494,2
327,100432,2
327,3064,1
327,5992,1
327,110337,3
328,85096,4
328,43454,2
328,42630,2
328,8960,3
328,10674,5
328,1541,1
331,46389,2
331,35881,2
331,79680,4
331,82390,5
331,83530,3
331,37821,3
332,1298,4
332,69758,2
332,33301,1
332,93772,5
332,33086,3
332,26831,3
333,44503,3
333,58193,3
333,10869,5
333,98118,1
333,89824,5
333,108106,5
334,38530,1
334,83766,2
334,1985,5
334,109600,2
334,34956,4
334,27593,2
335,63188,3
335,54605,4
335,3114,2
335,46842,3
335,13215,5
335,29983,4
337,49443,5
337,83652,5
337,33375,1
337,24726,2
337,76440,4
337,108853,3
338,86968,3
338,25225,3
338,48253,5
338,56172,1
338,76373,2
338,196,3
339,55371,3
339,34313,4
339,55474,1
339,78054,2
339,54299,3
339,64624,3
341,63855,5
341,5817,4
341,71045,4
341,42431,1
341,76859,1
341,91487,2
344,18429,1
344,76580,2
344,78949,4
344,88414,4
344,87572,2
344,64010,5
347,90341,5
347,63894,4
347,23081,2
347,74103,1
347,46760,2
347,44045,3
352,61968,2
352,90090,2
352,77627,2
352,52364,1
352,47348,5
352,53841,2
355,41945,4
355,81064,1
355,47527,2
355,19162,2
355,98591,1
355,83379,1
357,104507,5
357,27065,3
357,56181,4
357,31380,1
357,14683,1
357,26840,4
359,88712,4
359,89227,2
359,7031,4
359,81978,5
359,84199,2
359,73935,3
360,90276,1
360,82104,2
360,113446,4
360,80360,2
360,36691,1
360,93191,4
364,64192,1
364,57236,2
364,58585,3
364,55098,5
364,93217,5
364,7798,5
366,21240,1
366,37627,4
366,22794,3
366,46370,4
366,103549,4
366,81191,4
371,101553,4
371,94054,2
371,11564,4
371,54427,2
371,28373,4
371,56510,4
375,15484,5
375,80949,5
375,110554,1
375,28587,5
375,33400,5
375,100812,4
378,113173,1
378,43979,4
378,2421,3
378,97963,1
378,24332,3
378,16280,1
379,96573,5
379,66644,4
379,44341,5
379,63161,2
379,23219,3
379,12424,1
380,7032,4
380,40770,1
380,58699,5
380,12935,3
380,73285,3
380,91642,5
382,48854,1
382,19670,1
382,106217,1
382,80159,3
382,24037,4
382,76232,5
386,24039,2
386,65785,5
386,1973,3
386,56004,4
386,76132,5
386,33709,1
389,86639,1
389,84300,3
389,90513,3
389,75618,1
389,25008,5
389,79195,1
392,89402,5
392,31133,4
392,85305,3
392,55759,5
392,99452,3
392,46054,3
393,79318,2
393,26424,4
393,89112,4
393,18079,4
393,79551,4
393,2058,4
400,27844,2
400,67286,4
400,57870,4
400,104150,4
400,56870,3
400,7925,4
402,24825,3
402,15137,2
402,81414,4
402,38657,4
402,69663,2
402,20778,2
404,102178,2
404,71264,4
404,89095,1
404,13777,4
404,67202,4
404,73694,3
405,103000,1
405,68292,4
405,83154,4
405,91769,4
405,68486,1
405,84537,4
408,93951,3
408,44305,5
408,102163,1
408,60929,2
408,42034,3
408,24669,3
411,81631,5
411,68684,2
411,88115,2
411,109302,4
411,16996,2
411,21798,3
413,58179,5
413,111817,5
413,34670,1
413,34672,4
413,40781,1
413,44182,2
417,41930,4
417,38983,2
417,53333,4
417,40690,5
417,72403,5
417,50023,1
421,87731,4
421,65089,2
421,64559,4
421,11918,5
421,7137,3
421,54128,4
422,84284,2
422,2714,3
422,81189,2
422,102566,5
422,14274,5
422,4779,2
426,24491,4
426,64108,1
426,36041,3
426,32180,1
426,89289,2
426,63920,2
428,105973,2
428,110937,3
428,18777,3
428,65371,5
428,67229,4
428,97713,5
430,87732,1
430,1079,1
430,7664,1
430,65475,5
430,2324,2
430,5066,5
434,107793,4
434,50377,3
434,35902,4
434,18257,2
434,52100,2
434,60495,5
437,101288,4
437,47668,1
437,13211,2
437,30087,2
437,41546,5
437,39165,2
445,10982,5
445,104268,4
445,78493,4
445,90032,4
445,98160,3
445,92864,5
451,44724,1
451,28350,5
451,78365,4
451,52195,3
451,6389,2
451,8513,4
452,26317,1
452,43019,1
452,99605,1
452,51862,3
452,17268,2
452,32056,2
453,101869,3
453,82768,5
453,59627,2
453,91851,5
453,56609,4
453,27528,4
456,13285,2
456,17599,5
456,27338,2
456,12644,2
456,1251,2
456,25175,3
459,41058,4
459,102059,4
459,94972,1
459,78671,4
459,76402,2
459,111055,3
460,79645,1
460,103861,2
460,33763,5
460,98182,4
460,112016,5
460,47414,3
462,24061,1
462,53723,1
462,61057,1
462,4635,5
462,3221,3
462,111281,3
465,68751,1
465,72166,4
465,78726,4
465,79900,4
465,67847,5
465,2405,4
469,78346,4
469,29478,1
469,21846,2
469,3248,1
469,97768,3
469,62090,4
471,80463,2
471,82680,1
471,3271,1
471,78837,5
471,6144,2
471,18514,5
473,113540,2
473,60482,5
473,62376,5
473,40799,2
473,56194,4
473,45536,1
474,54170,1
474,107965,5
474,87590,2
474,37370,4
474,106602,5
474,39980,5
477,25571,5
477,79899,5
477,15277,4
477,21815,2
477,62107,2
477,46085,5
478,80029,5
478,103005,3
478,52195,3
478,84612,5
478,21608,4
478,47792,4
479,13635,1
479,17396,3
479,50902,1
479,72382,2
479,93020,4
479,71684,1
480,4816,3
480,41549,1
480,887,4
480,1418,2
480,81642,1
480,71992,1
481,24985,2
481,27576,4
481,92251,1
481,49095,2
481,27119,1
481,49725,5
483,87429,2
483,36744,5
483,54535,5
483,23323,5
483,73111,5
483,79518,5
484,32945,3
484,8555,5
484,14138,1
484,25991,2
484,54111,3
484,99561,2
486,78917,5
486,65320,5
486,89971,4
486,2041,5
486,26376,3
486,4682,3
489,45945,4
489,8256,5
489,72051,4
489,27700,4
489,60993,3
489,37765,3
494,19697,5
494,69847,5
494,79464,2
494,95436,2
494,52258,5
494,20873,4
502,91990,4
502,77157,4
502,27183,4
502,50255,5
502,44700,5
502,15827,2
510,63326,3
510,11642,3
510,10027,5
510,9334,4
510,111850,2
510,34627,3
512,61550,4
512,63334,5
512,113700,3
512,12769,2
512,73049,2
512,96070,3
516,89736,2
516,94578,4
516,12294,3
516,920,5
516,74514,5
516,29789,4
518,64960,4
518,11732,3
518,85809,2
518,50614,3
518,7349,4
518,99916,2
521,3803,5
521,25600,3
521,52268,2
521,59211,5
521,32201,1
521,67997,5
523,88709,3
523,110650,3
523,66579,1
523,2318,4
523,110783,2
523,54062,4
528,21006,2
528,96404,4
528,109838,4
528,112938,5
528,25648,1
528,61004,5
529,44761,2
529,45929,3
529,71149,1
529,51194,2
529,101053,4
529,111382,2
534,21868,2
534,86860,3
534,76275,1
534,10949,5
534,48202,1
534,107367,1
536,74832,1
536,77025,1
536,95726,2
536,46079,2
536,21921,1
536,56226,4
537,102956,3
537,101111,4
537,20734,1
537,12350,1
537,87808,5
537,91366,3
539,56433,2
539,76129,2
539,84917,2
539,72540,2
539,45957,3
539,113734,3
541,61036,2
541,93488,2
541,66366,1
541,107101,3
541,7903,2
541,112082,2
543,78443,5
543,91307,3
543,96748,5
543,30406,2
543,57493,1
543,83631,5
545,28138,1
545,75647,1
545,21208,3
545,57101,1
545,40838,1
545,29522,1
549,66665,4
549,70824,3
549,94411,1
549,106813,4
549,55508,1
549,71193,1
551,6361,5
551,71844,3
551,23761,4
551,7472,4
551,95343,5
551,80164,4
556,88386,5
556,81831,1
556,50850,2
556,108367,5
556,82973,3
556,28711,4
557,99800,5
557,84495,3
557,97569,3
557,36029,5
557,109185,4
557,105727,3
560,34886,2
560,31896,4
560,60192,1
560,72466,1
560,82205,5
560,48627,1
562,64479,5
562,33752,4
562,47561,1
562,17431,1
562,17373,5
562,6474,3
564,58895,4
564,64847,1
564,76207,2
564,41356,3
564,52115,1
564,63029,2
577,51815,3
577,35196,3
577,87052,3
577,37116,2
577,66752,1
577,86943,5
581,3674,5
581,101333,5
581,30556,4
581,107401,5
581,17010,3
581,75530,5
582,66265,2
582,41491,1
582,112829,4
582,82394,4
582,65128,3
582,107752,5
585,98487,4
585,86335,1
585,67429,2
585,93508,3
585,41297,1
585,41481,4
589,11885,3
589,32695,2
589,110284,4
589,44794,4
589,20660,4
589,111131,5
591,73337,5
591,34595,4
591,99439,1
591,50327,5
591,11950,3
591,81634,1
592,27792,2
592,51467,1
592,5472,3
592,62447,2
592,25311,1
592,42256,1
593,644,1
593,91330,4
593,18328,3
593,50353,2
593,20287,5
593,110341,5
595,10845,4
595,13048,3
595,86102,5
595,19398,5
595,20702,1
595,77056,4
602,54200,5
602,25956,1
602,100673,1
602,28014,2
602,98618,4
602,2713,3
606,30138,3
606,24432,3
606,1171,3
606,102688,5
606,72327,3
606,55955,1
612,90363,4
612,46592,3
612,106803,4
612,63439,3
612,40445,2
612,53591,1
614,43182,2
614,29058,3
614,110829,3
614,43736,4
614,57474,3
614,84861,4
615,106800,1
615,97990,3
615,24378,3
615,103604,4
615,42419,5
615,65959,2
616,66796,2
616,73514,2
616,42080,2
616,2984,4
616,3558,2
616,91594,4
617,61434,5
617,51279,1
617,35845,2
617,21161,1
617,50283,3
617,18578,2
623,8830,1
623,109814,2
623,3578,2
623,85212,3
623,31811,5
623,4551,1
624,75128,3
624,544,3
624,72073,3
624,86865,1
624,50610,1
624,18392,5
625,61837,2
625,13579,3
625,37953,1
625,25734,5
625,54889,1
625,9944,2
629,54730,3
629,112247,4
629,97482,2
629,71367,3
629,68838,2
629,35009,4
631,70084,4
631,62072,4
631,106797,2
631,82641,4
631,28054,3
631,58860,5
633,98565,1
633,42610,2
633,96137,2
633,105141,3
633,50536,3
633,82523,2
634,74287,5
634,89147,3
634,91480,1
634,5923,5
634,68472,5
634,34882,5
635,10009,5
635,90036,2
635,21557,4
635,49702,5
635,84710,4
635,110585,4
637,99667,1
637,9260,1
637,42989,5
637,14789,4
637,64102,3
637,42725,1
639,74346,5
639,91669,4
639,72717,5
639,23119,4
639,76965,4
639,21585,1
640,101105,1
640,96304,3
640,18671,1
640,88438,3
640,99291,5
640,23870,1
644,28835,5
644,105620,1
644,74759,3
644,25120,4
644,4195,3
644,109463,2
645,81865,2
645,9878,4
645,70227,4
645,98225,2
645,17781,4
645,106943,5
646,47961,5
646,21359,3
646,76162,2
646,33462,2
646,24038,5
646,37906,1
647,83624,3
647,95900,3
647,74795,4
647,29961,3
647,107589,5
647,32826,5
648,84654,4
648,37991,5
648,76924,5
648,36892,5
648,31388,1
648,51649,1
650,87759,4
650,85476,4
650,38494,5
650,41678,1
650,103042,3
650,25413,1
652,85313,3
652,32250,3
652,83621,1
652,39597,4
652,61161,2
652,41490,5
654,4397,5
654,53919,2
654,60721,5
654,8149,3
654,11621,3
654,22451,4
655,31138,1
655,62740,3
655,55599,1
655,50808,1
655,44958,4
655,39839,4
657,102607,5
657,30017,2
657,102,1
657,20288,4
657,18983,5
657,51972,5
658,46393,3
658,16992,1
658,12210,5
658,113157,3
658,82961,2
658,64122,5
666,101506,5
666,94456,2
666,58534,3
666,79446,1
666,109822,4
666,9818,5
669,76952,1
669,69813,2
669,10365,2
669,18728,5
669,5232,5
669,103527,4
671,75123,2
671,92474,3
671,23521,5
671,97959,4
671,45705,3
671,102901,5
672,59416,1
672,5832,5
672,8312,1
672,47904,3
672,87238,3
672,87708,1
673,29913,2
673,54314,1
673,113539,4
673,39456,1
673,48285,1
673,32002,4
675,39375,3
675,71577,2
675,50903,3
675,71220,1
675,108713,5
675,98493,3
680,1408,3
680,81186,4
680,60518,4
680,54255,3
680,99150,1
680,16636,5
681,30299,2
681,18946,1
681,47459,4
681,90833,5
681,33336,2
681,28879,4
682,31786,5
682,43362,5
682,15012,2
682,48496,2
682,66821,4
682,34590,3
683,50275,2
683,23665,1
683,111631,2
683,81615,1
683,14593,5
683,4540,3
684,21104,2
684,54978,5
684,56588,3
684,60579,1
684,62188,4
684,309,2
689,451,2
689,94866,5
689,1178,5
689,7728,2
689,3664,5
689,74444,5
690,59,4
690,27386,5
690,94425,4
690,75447,2
690,36382,5
690,18472,5
693,108739,3
693,92032,2
693,76388,1
693,78245,5
693,64340,3
693,25303,3
696,78967,3
696,48374,2
696,98945,4
696,35929,2
696,17526,2
696,21963,4
698,109631,4
698,72205,1
698,47056,4
698,108320,3
698,41930,5
698,99914,3
699,18129,4
699,62266,3
699,63712,3
699,91277,3
699,104299,1
699,34149,1
702,12282,2
702,22653,2
702,59729,1
702,71465,4
702,9483,2
702,49788,3
703,109428,3
703,13252,2
703,6485,2
703,20219,1
703,56437,1
703,34720,3
705,73694,4
705,14441,5
705,51740,3
705,71244,2
705,51627,4
705,17614,1
708,42116,3
708,23346,2
708,57707,2
708,805,5
708,19336,1
708,64892,1
709,84702,2
709,81343,2
709,29131,2
709,29180,5
709,67196,4
709,112104,1
710,20299,4
710,100777,1
710,86157,5
710,17486,1
710,18889,5
710,42823,1
711,67794,1
711,3094,4
711,73280,1
711,50163,4
711,88103,1
711,22198,4
714,103190,3
714,105062,4
714,90063,1
714,5979,5
714,64551,1
714,81606,1
719,21412,3
719,98109,5
719,46128,5
719,77368,2
719,83706,1
719,17278,5
720,39849,3
720,10138,3
720,105887,4
720,103417,1
720,12759,1
720,100703,2
723,6829,4
723,42644,2
723,53200,3
723,62505,1
723,80837,2
723,14934,1
724,106298,1
724,26519,4
724,72096,5
724,19156,5
724,36908,2
724,61181,4
725,80666,5
725,55080,5
725,53749,2
725,76375,3
725,44358,2
725,97458,1
730,7750,1
730,94123,4
730,22214,1
730,78236,3
730,5637,3
730,65730,1
733,75935,5
733,88695,2
733,80333,4
733,7989,5
733,68988,1
733,106580,3
734,5206,1
734,13919,2
734,100108,1
734,48856,3
734,90019,5
734,97464,2
735,49631,3
735,26947,1
735,2496,4
735,97185,5
735,40282,5
735,43273,5
737,43380,4
737,49961,5
737,41855,2
737,38572,2
737,61493,5
737,88124,1
738,51215,2
738,105013,3
738,107999,5
738,22500,4
738,52701,4
738,52196,5
740,25124,4
740,13515,1
740,108718,3
740,76641,2
740,34321,5
740,98625,5
741,45610,4
741,617,4
741,35235,3
741,16047,2
741,110577,2
741,82885,4
743,61374,5
743,106309,4
743,106500,3
743,38629,4
743,81426,3
743,88619,1
744,25951,4
744,86926,4
744,87524,2
744,4971,4
744,43546,2
744,16083,4
746,76734,1
746,60972,4
746,42396,2
746,130,3
746,6417,5
746,8737,3
750,46405,4
750,58704,5
750,50226,1
750,40779,5
750,46916,1
750,54260,2
754,26911,2
754,10893,1
754,112177,4
754,55482,1
754,113448,2
754,24823,5
756,46171,1
756,49853,2
756,92023,4
756,69902,3
756,90390,3
756,31536,4
759,97132,3
759,22701,3
759,78282,1
759,52676,1
759,10685,4
759,25807,5
763,56421,4
763,57143,2
763,73045,2
763,92428,1
763,20864,2
763,74420,5
764,45707,2
764,62050,2
764,40749,2
764,3865,5
764,113838,2
764,12513,5
765,6742,1
765,90699,4
765,23628,4
765,79308,4
765,22874,1
765,78748,2
766,15719,1
766,83266,4
766,97846,1
766,50063,1
766,43057,3
766,8378,5
768,66248,4
768,43670,3
768,25466,1
768,8662,3
768,21144,2
768,69340,4
769,72492,5
769,27838,4
769,1787,3
769,61681,3
769,66986,1
769,7621,2
771,63065,3
771,57103,4
771,96347,2
771,81149,2
771,86340,3
771,69116,3
772,52294,4
772,59111,5
772,55602,5
772,89733,1
772,30556,1
772,75074,4
775,93606,2
775,83000,2
775,88450,1
775,22900,5
775,32521,5
775,33749,1
777,40099,3
777,17560,4
777,55483,5
777,60395,3
777,51909,5
777,7523,4
781,49545,2
781,66122,2
781,23212,2
781,98388,3
781,12125,5
781,77061,5
782,56356,2
782,54309,3
782,38179,1
782,50856,5
782,79528,2
782,85829,2
785,49155,3
785,101903,5
785,53990,2
785,43473,2
785,58698,5
785,7915,3
786,41438,3
786,15223,5
786,72200,4
786,112221,3
786,41922,4
786,46402,1
790,78750,2
790,13683,5
790,85560,2
790,2511,1
790,105374,3
790,16014,3
792,92295,1
792,55259,2
792,92369,5
792,48294,2
792,100027,2
792,4124,1
793,30992,5
793,72829,1
793,100726,3
793,74917,1
793,86614,4
793,53504,1
794,106955,1
794,47520,2
794,492,2
794,66676,5
794,21215,3
794,46596,3
795,14373,2
795,104033,2
795,33004,1
795,113239,1
795,13747,1
795,20318,5
811,7960,5
811,80714,1
811,13018,3
811,52504,4
811,97523,4
811,64527,3
812,87760,1
812,91626,3
812,81256,2
812,54680,2
812,66721,5
812,91732,2
815,69187,5
815,25753,1
815,102004,4
815,109967,5
815,87064,5
815,85826,3
817,38511,4
817,108655,1
817,80056,2
817,75381,1
817,21640,1
817,75276,1
822,81911,5
822,94056,3
822,23194,4
822,26449,2
822,17640,2
822,50631,3
825,3419,2
825,76155,2
825,37602,5
825,35426,5
825,10841,4
825,90081,3
826,305,5
826,39566,5
826,70018,2
826,42263,1
826,100865,1
826,39608,5
827,84933,5
827,37044,4
827,72420,1
827,25082,4
827,40898,4
827,35323,5
828,39663,4
828,50358,3
828,78835,3
828,48128,2
828,25354,1
828,69944,5
830,45349,2
830,2179,5
830,24351,2
830,10009,5
830,75937,1
830,34511,1
831,106046,2
831,89169,5
831,13028,4
831,5954,4
831,20157,3
831,106973,1
835,15089,4
835,98643,1
835,66639,4
835,111167,4
835,55892,1
835,68528,1
842,62337,4
842,7890,2
842,95671,5
842,108166,3
842,101687,3
842,75698,5
843,47574,3
843,54810,2
843,17772,1
843,64838,2
843,13793,2
843,34901,2
844,20963,3
844,81976,4
844,331,3
844,73869,2
844,94977,1
844,94575,3
846,109949,2
846,11109,3
846,97777,5
846,82120,1
846,99857,3
846,3245,3
853,94159,3
853,45493,5
853,52010,2
853,45200,3
853,67889,2
853,68191,5
860,36350,2
860,5179,2
860,107393,5
860,67999,1
860,80537,2
860,62401,5
862,104903,1
862,49830,1
862,39945,2
862,6000,4
862,52710,5
862,33290,2
866,57828,4
866,25818,5
866,89088,4
866,103998,5
866,27485,1
866,57306,2
869,67560,5
869,85258,2
869,113117,3
869,105907,2
869,107649,3
869,47217,2
871,65289,4
871,45753,5
871,10367,1
871,71088,3
871,48015,5
871,53689,5
872,70807,1
872,56749,3
872,47786,4
872,44173,4
872,37038,3
872,103147,4
873,107626,1
873,93267,3
873,39262,4
873,110653,3
873,108090,1
873,87677,1
875,86482,4
875,89636,2
875,85671,4
875,47229,4
875,66758,5
875,90222,2
877,64708,1
877,74800,4
877,15605,5
877,60109,3
877,67762,3
877,82935,1
878,95869,4
878,53962,4
878,79876,5
878,11712,3
878,6755,5
878,80189,5
879,8818,1
879,62555,4
879,70698,2
879,53526,4
879,85775,1
879,18410,1
882,103081,4
882,69737,2
882,27488,2
882,95772,5
882,45199,1
882,63167,4
883,18630,4
883,22416,3
883,70354,2
883,104438,2
883,81693,3
883,49232,4
885,18079,2
885,112267,3
885,51067,4
885,102566,5
885,112233,5
885,109354,3
888,87659,1
888,89201,4
888,1692,1
888,92342,3
888,65927,3
888,48096,1
891,82391,1
891,17482,2
891,9461,1
891,78944,5
891,56831,2
891,34681,2
892,28722,1
892,43088,4
892,112005,1
892,45858,2
892,93768,4
892,5001,4
898,62186,1
898,19526,2
898,80306,1
898,77636,1
898,55602,4
898,96245,3
899,56570,4
899,102995,4
899,29379,2
899,72825,2
899,71673,2
899,39051,3
903,7690,3
903,61740,4
903,46542,3
903,53773,3
903,18651,2
903,101970,1
904,32923,5
904,3250,1
904,84224,5
904,28492,4
904,90988,4
904,37139,2
906,101430,5
906,46764,3
906,61609,5
906,96885,4
906,29284,2
906,57708,2
907,56092,2
907,18886,3
907,16188,1
907,65913,2
907,15209,2
907,14670,1
911,34589,4
911,58556,4
911,105906,5
911,20783,4
911,110518,2
911,70270,4
912,83279,4
912,54297,5
912,74832,2
912,26700,4
912,63505,2
912,62394,2
915,110536,1
915,103461,5
915,95002,5
915,84132,5
915,22762,1
915,73872,1
917,23651,4
917,43079,2
917,102983,2
917,107779,3
917,76860,2
917,108437,4
919,44592,5
919,109658,5
919,63565,1
919,35895,4
919,40643,1
919,28689,4
922,104317,3
922,30075,3
922,40360,1
922,56233,3
922,110249,3
922,46817,5
928,88009,2
928,42253,4
928,103445,2
928,37349,2
928,74123,4
928,8124,1
929,4944,1
929,37537,5
929,9033,4
929,88950,2
929,3429,2
929,99554,2
934,100718,2
934,50175,5
934,19626,1
934,14720,5
934,112421,5
934,11586,5
937,42661,4
937,82603,4
937,51999,1
937,76368,4
937,56769,1
937,29010,4
938,23134,2
938,2149,4
938,102029,5
938,85159,1
938,65300,1
938,21958,3
939,49446,2
939,11753,1
939,103670,5
939,84274,4
939,37155,3
939,9342,2
942,12239,1
942,3371,5
942,111582,3
942,18990,3
942,105748,2
942,3054,2
943,31422,1
943,50225,1
943,65640,3
943,35680,5
943,95334,2
943,76028,1
944,61265,4
944,65925,3
944,60979,5
944,49554,5
944,106284,4
944,33710,2
945,2172,1
945,73507,2
945,23469,2
945,9096,2
945,30529,2
945,92895,2
948,5045,5
948,10078,3
948,66640,1
948,88350,5
948,24255,2
948,8128,5
949,31990,4
949,4194,2
949,21687,2
949,90136,3
949,69919,5
949,76945,1
952,37917,1
952,51910,4
952,12000,2
952,99850,3
952,6345,4
952,9052,2
965,61099,5
965,36292,1
965,52218,1
965,58363,4
965,38581,4
965,85768,2
987,20445,4
987,63700,4
987,50655,4
987,23881,4
987,26898,4
987,55931,4
990,16778,4
990,90811,1
990,10823,1
990,71462,1
990,71582,3
990,27166,1
992,27031,4
992,87534,1
992,25796,4
992,13145,2
992,56177,3
992,54700,4
1010,23061,2
1010,113034,3
1010,16903,2
1010,9807,3
1010,22917,4
1010,45079,5
1011,5645,4
1011,89063,2
1011,104327,1
1011,97336,3
1011,78348,4
1011,40509,5
1015,79122,3
1015,102441,5
1015,20474,2
1015,21327,1
1015,87156,5
1015,46617,3
1017,107977,3
1017,72267,5
1017,110767,3
1017,101889,4
1017,59171,2
1017,112558,5
1030,59159,2
1030,81936,1
1030,70865,3
1030,55136,5
1030,7957,3
1030,73869,1
1032,91817,3
1032,26323,5
1032,56490,1
1032,112428,4
1032,69346,3
1032,78986,4
1033,10167,2
1033,103431,2
1033,38329,5
1033,53307,2
1033,34320,4
1033,67526,5
1034,62766,3
1034,63736,4
1034,4327,4
1034,73365,4
1034,69415,4
1034,26395,5
1036,24936,5
1036,106908,5
1036,5915,1
1036,25090,4
1036,8710,2
1036,103990,3
1037,1522,5
1037,1738,5
1037,1741,5
1037,1661,5
1037,1412,5
1037,2522,5
1037,2738,5
1037,2741,5
1037,2661,5
1037,2412,5
1038,1522,5
1038,1738,5
1038,1741,5
1038,1661,5
1038,1412,5
1038,2522,5
1038,2738,5
1038,2741,5
1038,2661,5
1038,2412,5
1038,2443,2
1038,2692,1
1038,2179,4
1038,2659,1
1038,1849,1
1038,1071,5
1038,1761,2
1038,1861,4
1038,66960,5
1038,62229,1
1038,56693,5
1038,2750,5
1038,1057,1
1039,71522,5
1039,71738,5
1039,71741,5
1039,71661,5
1039,71412,5
1039,91522,5
1039,91738,5
1039,91741,5
1039,91661,5
1039,91412,5
1039,81522,5
1039,81738,5
1039,81741,5
1039,81661,5
1039,81412,5
1039,91700,4
1039,71094,4
1039,91392,1
1039,71538,4
1039,71906,5
1039,71008,3
1040,16522,5
1040,16738,5
1040,16741,5
1040,16661,5
1040,16412,5
1040,71522,5
1040,71738,5
1040,71741,5
1040,71661,5
1040,71412,5
1040,50522,5
1040,50738,5
1040,50741,5
1040,50661,5
1040,50412,5
1040,64522,5
1040,64738,5
1040,64741,5
1040,64661,5
1040,64412,5
1040,72522,5
1040,72738,5
1040,72741,5
1040,72661,5
1040,72412,5
1040,16737,5
1040,72116,5
1040,16004,1
1040,16003,1
1040,16006,1
1040,16009,2
1041,522,5
1041,738,5
1041,741,5
1041,661,5
1041,412,5
1041,1522,5
1041,1738,5
1041,1741,5
1041,1661,5
1041,1412,5
1041,2522,5
1041,2738,5
1041,2741,5
1041,2661,5
1041,2412,5
1041,94,4
1041,2392,3
1041,1787,1
1042,71522,5
1042,71738,5
1042,71741,5
1042,71661,5
1042,71412,5
1042,91522,5
1042,91738,5
1042,91741,5
1042,91661,5
1042,91412,5
1042,3522,5
1042,3738,5
1042,3741,5
1042,3661,5
1042,3412,5
1042,522,5
1042,738,5
1042,741,5
1042,661,5
1042,412,5
1042,16522,5
1042,16738,5
1042,16741,5
1042,16661,5
1042,16412,5
1042,8522,5
1042,8738,5
1042,8741,5
1042,8661,5
1042,8412,5
1042,74522,5
1042,74738,5
1042,74741,5
1042,74661,5
1042,74412,5
1042,74993,4
1042,3048,4
1042,8194,4
1042,8430,1
1042,91320,4
1042,91514,1
1042,3455,5
1042,71950,5
1042,43235,4
1042,3001,5
1042,3007,5
1042,92757,1
1042,52262,1
1042,3687,1
1042,3002,1
1042,3003,1
1042,3006,1
1043,71522,5
1043,71738,5
1043,71741,5
1043,71661,5
1043,71412,5
1043,47522,5
1043,47738,5
1043,47741,5
1043,47661,5
1043,47412,5
1043,72522,5
1043,72738,5
1043,72741,5
1043,72661,5
1043,72412,5
1043,50522,5
1043,50738,5
1043,50741,5
1043,50661,5
1043,50412,5
1043,91522,5
1043,91738,5
1043,91741,5
1043,91661,5
1043,91412,5
1043,74522,5
1043,74738,5
1043,74741,5
1043,74661,5
1043,74412,5
1043,81522,5
1043,81738,5
1043,81741,5
1043,81661,5
1043,81412,5
1044,522,5
1044,738,5
1044,741,5
1044,661,5
1044,412,5
1044,1522,5
1044,1738,5
1044,1741,5
1044,1661,5
1044,1412,5
1044,2522,5
1044,2738,5
1044,2741,5
1044,2661,5
1044,2412,5
1045,522,5
1045,738,5
1045,741,5
1045,661,5
1045,412,5
1045,1522,5
1045,1738,5
1045,1741,5
1045,1661,5
1045,1412,5
1045,2522,5
1045,2738,5
1045,2741,5
1045,2661,5
1045,2412,5
1046,522,5
1046,738,5
1046,741,5
1046,661,5
1046,412,5
1046,1522,5
1046,1738,5
1046,1741,5
1046,1661,5
1046,1412,5
1046,2522,5
1046,2738,5
1046,2741,5
1046,2661,5
1046,2412,5
1046,94,4
1046,2392,5
1046,1787,2
1046,2003,1
1048,71522,5
1048,71738,5
1048,71741,5
1048,71661,5
1048,71412,5
1048,50522,5
1048,50738,5
1048,50741,5
1048,50661,5
1048,50412,5
1048,74522,5
1048,74738,5
1048,74741,5
1048,74661,5
1048,74412,5
1048,81522,5
1048,81738,5
1048,81741,5
1048,81661,5
1048,81412,5
1048,20522,5
1048,20738,5
1048,20741,5
1048,20661,5
1048,20412,5
1048,72761,4
1048,96816,5
1048,91369,5
1048,91922,5
1048,91338,5
1048,91601,5
1048,91478,1
1048,91287,4
1048,91211,5
1048,91122,5
1048,91024,1
1049,522,5
1049,738,5
1049,741,5
1049,661,5
1049,412,5
1049,1522,5
1049,1738,5
1049,1741,5
1049,1661,5
1049,1412,5
1049,2522,5
1049,2738,5
1049,2741,5
1049,2661,5
1049,2412,5
1050,2522,5
1050,2738,5
1050,2741,5
1050,2661,5
1050,2412,5
1050,42820,4
1050,96816,4
1050,55032,1
1050,42747,4
1050,42839,5
1050,96570,4
1051,522,5
1051,738,5
1051,741,5
1051,661,5
1051,412,5
1051,1522,5
1051,1738,5
1051,1741,5
1051,1661,5
1051,1412,5
1051,2522,5
1051,2738,5
1051,2741,5
1051,2661,5
1051,2412,5
1052,71522,5
1052,71738,5
1052,71741,5
1052,71661,5
1052,71412,5
1052,91522,5
1052,91738,5
1052,91741,5
1052,91661,5
1052,91412,5
1052,47522,5
1052,47738,5
1052,47741,5
1052,47661,5
1052,47412,5
1052,42820,5
1052,42902,1
1052,42618,1
1052,42303,1
1052,42120,1
1053,522,5
1053,738,5
1053,741,5
1053,661,5
1053,412,5
1053,1522,5
1053,1738,5
1053,1741,5
1053,1661,5
1053,1412,5
1053,2522,5
1053,2738,5
1053,2741,5
1053,2661,5
1053,2412,5
1054,71522,5
1054,71738,5
1054,71741,5
1054,71661,5
1054,71412,5
1054,47522,5
1054,47738,5
1054,47741,5
1054,47661,5
1054,47412,5
1054,74522,5
1054,74738,5
1054,74741,5
1054,74661,5
1054,74412,5
1055,522,5
1055,738,5
1055,741,5
1055,661,5
1055,412,5
1055,1522,5
1055,1738,5
1055,1741,5
1055,1661,5
1055,1412,5
1055,2522,5
1055,2738,5
1055,2741,5
1055,2661,5
1055,2412,5
1055,2517,5
1055,2291,4
1056,48522,5
1056,48738,5
1056,48741,5
1056,48661,5
1056,48412,5
1056,47522,5
1056,47738,5
1056,47741,5
1056,47661,5
1056,47412,5
1056,71522,5
1056,71738,5
1056,71741,5
1056,71661,5
1056,71412,5
1056,50522,5
1056,50738,5
1056,50741,5
1056,50661,5
1056,50412,5
1056,64522,5
1056,64738,5
1056,64741,5
1056,64661,5
1056,64412,5
1057,5522,5
1057,5738,5
1057,5741,5
1057,5661,5
1057,5412,5
1057,522,5
1057,738,5
1057,741,5
1057,661,5
1057,412,5
1057,5595,5
1057,626,5
1058,522,5
1058,738,5
1058,741,5
1058,661,5
1058,412,5
1058,1522,5
1058,1738,5
1058,1741,5
1058,1661,5
1058,1412,5
1058,2522,5
1058,2738,5
1058,2741,5
1058,2661,5
1058,2412,5
1058,813,5
1058,764,1
1059,522,5
1059,738,5
1059,741,5
1059,661,5
1059,412,5
1059,1522,5
1059,1738,5
1059,1741,5
1059,1661,5
1059,1412,5
1059,2522,5
1059,2738,5
1059,2741,5
1059,2661,5
1059,2412,5
1059,2074,4
1059,746,2
1059,1758,5
1060,71522,5
1060,71738,5
1060,71741,5
1060,71661,5
1060,71412,5
1060,4522,5
1060,4738,5
1060,4741,5
1060,4661,5
1060,4412,5
1060,21522,5
1060,21738,5
1060,21741,5
1060,21661,5
1060,21412,5
1060,21001,2
1060,21443,4
1060,4135,5
1060,71034,4
1060,71397,4
1060,4615,5
1060,71416,5
1060,71250,4
1060,21404,5
1061,522,5
1061,738,5
1061,741,5
1061,661,5
1061,412,5
1061,1522,5
1061,1738,5
1061,1741,5
1061,1661,5
1061,1412,5
1061,2522,5
1061,2738,5
1061,2741,5
1061,2661,5
1061,2412,5
1061,2387,5
1061,1149,2
1061,176,5
1061,2255,4
1061,1298,1
1061,188,4
1061,2689,5
1061,2118,5
1061,2903,5
1061,2018,5
1061,2922,5
1061,1586,1
1061,1100,1
1061,14,1
1061,146,2
1062,71522,5
1062,71738,5
1062,71741,5
1062,71661,5
1062,71412,5
1062,81522,5
1062,81738,5
1062,81741,5
1062,81661,5
1062,81412,5
1062,47522,5
1062,47738,5
1062,47741,5
1062,47661,5
1062,47412,5
1062,47096,4
1062,71282,5
1062,71940,5
1062,71470,5
1062,47084,5
1062,81659,2
1062,71442,5
1062,71994,5
1062,47876,1
1062,47483,1
1062,71604,5
1062,71227,5
1062,81363,1
1062,71533,5
1062,71241,5
1062,81153,1
1062,81577,1
1062,71310,5
1062,81312,1
1062,71938,5
1062,71329,5
1062,71291,5
1063,522,5
1063,738,5
1063,741,5
1063,661,5
1063,412,5
1063,1522,5
1063,1738,5
1063,1741,5
1063,1661,5
1063,1412,5
1063,2522,5
1063,2738,5
1063,2741,5
1063,2661,5
1063,2412,5
1063,633,5
1063,1621,2
1063,2922,5
1063,1564,1
1063,1929,1
1063,1527,1
1063,1947,1
1063,2958,5
1063,2019,5
1063,148,5
1063,241,5
1063,1708,1
1063,1232,1
1063,1581,1
1063,1504,1
1064,71522,5
1064,71738,5
1064,71741,5
1064,71661,5
1064,71412,5
1064,50522,5
1064,50738,5
1064,50741,5
1064,50661,5
1064,50412,5
1064,20522,5
1064,20738,5
1064,20741,5
1064,20661,5
1064,20412,5
1064,50806,4
1064,50637,5
1064,71480,5
1064,71874,5
1064,71285,5
1064,50430,5
1064,71275,5
1064,20236,1
1065,5522,5
1065,5738,5
1065,5741,5
1065,5661,5
1065,5412,5
1065,15522,5
1065,15738,5
1065,15741,5
1065,15661,5
1065,15412,5
1065,5805,4
1065,15549,4
1065,5320,5
1065,5579,5
1065,5318,5
1065,5339,5
1065,15767,1
1065,15331,1
1065,15470,1
1065,15270,1
1065,15134,1
1065,15237,1
1065,15834,1
1065,15201,1
1065,5608,5
1065,5739,5
1065,5790,5
1065,5818,5
1065,5529,5
1065,5271,5
1065,5599,5
1066,5522,5
1066,5738,5
1066,5741,5
1066,5661,5
1066,5412,5
1066,15522,5
1066,15738,5
1066,15741,5
1066,15661,5
1066,15412,5
1066,5471,5
1066,5589,5
1066,5616,5
1066,5564,3
1066,5279,3
1067,5522,5
1067,5738,5
1067,5741,5
1067,5661,5
1067,5412,5
1067,15522,5
1067,15738,5
1067,15741,5
1067,15661,5
1067,15412,5
1068,5522,5
1068,5738,5
1068,5741,5
1068,5661,5
1068,5412,5
1068,5059,3
1068,5912,3
1068,5411,5
1068,5549,5
1068,5624,5
1068,5566,1
1068,5910,1
1068,5422,1
1068,5074,1
1068,5280,1
1068,5504,1
1068,5223,1
1068,5778,1
1068,5639,1
1068,5245,1
1069,91522,5
1069,91738,5
1069,91741,5
1069,91661,5
1069,91412,5
1069,47522,5
1069,47738,5
1069,47741,5
1069,47661,5
1069,47412,5
1069,72522,5
1069,72738,5
1069,72741,5
1069,72661,5
1069,72412,5
1069,71522,5
1069,71738,5
1069,71741,5
1069,71661,5
1069,71412,5
1069,50522,5
1069,50738,5
1069,50741,5
1069,50661,5
1069,50412,5
1069,74522,5
1069,74738,5
1069,74741,5
1069,74661,5
1069,74412,5
1069,81522,5
1069,81738,5
1069,81741,5
1069,81661,5
1069,81412,5
1069,3522,5
1069,3738,5
1069,3741,5
1069,3661,5
1069,3412,5
1069,8522,5
1069,8738,5
1069,8741,5
1069,8661,5
1069,8412,5
1069,47007,5
1069,3489,5
1069,71151,5
1069,81081,1
1069,50892,1
1069,91920,1
1069,71764,1
1069,47857,1
1069,81364,1
1069,71259,1
1069,91223,1
1069,91487,1
1069,50116,1
1069,8262,4
1069,74155,5
1069,74925,5
1069,81792,1
1069,8323,1
1069,8528,1
1069,91361,1
1069,3906,1
1069,91643,1
1069,72221,1
1069,91313,1
1069,47652,1
1069,72810,1
1069,74099,5
1069,74174,5
1069,74118,5
1069,74877,5
1069,74833,5
1069,74246,5
1069,91300,1
1070,71522,5
1070,71738,5
1070,71741,5
1070,71661,5
1070,71412,5
1070,91522,5
1070,91738,5
1070,91741,5
1070,91661,5
1070,91412,5
1070,47522,5
1070,47738,5
1070,47741,5
1070,47661,5
1070,47412,5
1070,74522,5
1070,74738,5
1070,74741,5
1070,74661,5
1070,74412,5
1070,81522,5
1070,81738,5
1070,81741,5
1070,81661,5
1070,81412,5
1070,20522,5
1070,20738,5
1070,20741,5
1070,20661,5
1070,20412,5
1070,74406,5
1070,71519,5
1070,71328,5
1070,47193,3
1070,20486,4
1070,74109,5
1070,74825,5
1070,20729,1
1070,91388,1
1070,71650,1
1070,74085,5
1070,74595,5
1070,71617,1
1070,81389,1
1070,71253,1
1071,522,5
1071,738,5
1071,741,5
1071,661,5
1071,412,5
1071,1522,5
1071,1738,5
1071,1741,5
1071,1661,5
1071,1412,5
1071,2522,5
1071,2738,5
1071,2741,5
1071,2661,5
1071,2412,5
1071,1615,3
1071,2359,3
1071,204,5
1071,748,5
1071,359,5
1071,972,5
1071,752,5
1071,2316,1
1071,2333,1
1071,2966,1
1071,1706,1
1071,2228,1
1071,429,1
1071,997,1
1071,455,1
1071,520,1
1071,998,1
1071,874,1
1071,489,1
1071,155,1
1071,419,1
1071,120,1
1071,1177,1
1071,1133,1
1071,1311,1
1072,71522,5
1072,71738,5
1072,71741,5
1072,71661,5
1072,71412,5
1072,47522,5
1072,47738,5
1072,47741,5
1072,47661,5
1072,47412,5
1072,96522,5
1072,96738,5
1072,96741,5
1072,96661,5
1072,96412,5
1072,74522,5
1072,74738,5
1072,74741,5
1072,74661,5
1072,74412,5
1072,96598,1
1072,74026,5
1072,47095,5
1072,75000,5
1072,74984,5
1072,74338,5
1072,74102,5
1072,74903,5
1072,74891,5
1072,71148,1
1072,71484,1
1072,47881,1
1072,47642,1
1072,71937,1
1072,47605,1
1072,47033,1
1072,47151,1
1072,74863,5
1072,74020,1
1072,74691,1
1072,74588,1
1072,74030,1
1072,74010,1
1072,74574,1
1072,74373,1
1072,74594,1
1072,74064,1
1072,74659,1
1072,96981,3
1072,96585,3
1072,96271,1
1072,96684,1
1072,96923,1
1072,96468,1
1072,96361,1
1072,96986,1
1072,83514,5
1072,83084,1
1073,522,5
1073,738,5
1073,741,5
1073,661,5
1073,412,5
1073,1522,5
1073,1738,5
1073,1741,5
1073,1661,5
1073,1412,5
1073,2522,5
1073,2738,5
1073,2741,5
1073,2661,5
1073,2412,5
1073,1280,3
1073,1110,5
1073,1075,3
1073,2703,5
1073,2923,5
1073,828,5
1073,1843,5
1073,2397,5
1076,522,5
1076,738,5
1076,741,5
1076,661,5
1076,412,5
1076,2522,5
1076,2738,5
1076,2741,5
1076,2661,5
1076,2412,5
1077,522,5
1077,738,5
1077,741,5
1077,661,5
1077,412,5
1077,1522,5
1077,1738,5
1077,1741,5
1077,1661,5
1077,1412,5
1077,2522,5
1077,2738,5
1077,2741,5
1077,2661,5
1077,2412,5
1078,522,5
1078,738,5
1078,741,5
1078,661,5
1078,412,5
1078,1522,5
1078,1738,5
1078,1741,5
1078,1661,5
1078,1412,5
1078,2522,5
1078,2738,5
1078,2741,5
1078,2661,5
1078,2412,5
1078,2764,5
1078,1701,1
1078,355,1
1078,1060,5
1078,2477,1
1078,2451,1
1078,2862,1
1078,2574,1
1078,2950,1
1079,71522,5
1079,71738,5
1079,71741,5
1079,71661,5
1079,71412,5
1079,47522,5
1079,47738,5
1079,47741,5
1079,47661,5
1079,47412,5
1079,50522,5
1079,50738,5
1079,50741,5
1079,50661,5
1079,50412,5
1079,74522,5
1079,74738,5
1079,74741,5
1079,74661,5
1079,74412,5
1079,96522,5
1079,96738,5
1079,96741,5
1079,96661,5
1079,96412,5
1079,81522,5
1079,81738,5
1079,81741,5
1079,81661,5
1079,81412,5
1079,96756,5
1079,81087,1
1079,96735,5
1079,96269,5
1079,50405,1
1079,50288,1
1079,50458,1
1079,96775,4
1079,74391,5
1079,74813,5
1079,74922,5
1079,74019,5
1079,74248,5
1079,74016,5
1079,47363,5
1079,47734,5
1080,16522,5
1080,16738,5
1080,16741,5
1080,16661,5
1080,16412,5
1080,91522,5
1080,91738,5
1080,91741,5
1080,91661,5
1080,91412,5
1080,74522,5
1080,74738,5
1080,74741,5
1080,74661,5
1080,74412,5
1080,96522,5
1080,96738,5
1080,96741,5
1080,96661,5
1080,96412,5
1080,81522,5
1080,81738,5
1080,81741,5
1080,81661,5
1080,81412,5
1080,91215,5
1080,16167,5
1080,91092,5
1080,81731,1
1080,16173,1
1080,96058,1
1080,81292,1
1080,74503,5
1080,91363,1
1080,91317,1
1080,91806,5
1080,74216,5
1080,74584,5
1080,74259,5
1081,91522,5
1081,91738,5
1081,91741,5
1081,91661,5
1081,91412,5
1081,64522,5
1081,64738,5
1081,64741,5
1081,64661,5
1081,64412,5
1081,16522,5
1081,16738,5
1081,16741,5
1081,16661,5
1081,16412,5
1081,74522,5
1081,74738,5
1081,74741,5
1081,74661,5
1081,74412,5
1081,96522,5
1081,96738,5
1081,96741,5
1081,96661,5
1081,96412,5
1081,522,5
1081,738,5
1081,741,5
1081,661,5
1081,412,5
1081,91062,5
1081,74394,1
1081,91680,5
1081,64424,3
1081,91454,5
1081,16654,4
1082,522,5
1082,738,5
1082,741,5
1082,661,5
1082,412,5
1082,1522,5
1082,1738,5
1082,1741,5
1082,1661,5
1082,1412,5
1082,2522,5
1082,2738,5
1082,2741,5
1082,2661,5
1082,2412,5
1082,2624,5
1082,2723,5
1082,2488,5
1082,2272,5
1082,2396,5
1082,2642,5
1082,2530,5
1082,1806,1
1082,1681,1
1082,1413,1
1082,2154,5
1082,2047,5
1082,2909,5
1082,2066,5
1083,522,5
1083,738,5
1083,741,5
1083,661,5
1083,412,5
1083,1522,5
1083,1738,5
1083,1741,5
1083,1661,5
1083,1412,5
1083,2522,5
1083,2738,5
1083,2741,5
1083,2661,5
1083,2412,5
1084,522,5
1084,738,5
1084,741,5
1084,661,5
1084,412,5
1084,1522,5
1084,1738,5
1084,1741,5
1084,1661,5
1084,1412,5
1084,2522,5
1084,2738,5
1084,2741,5
1084,2661,5
1084,2412,5
1084,2750,5
1084,2145,5
1084,2791,5
1084,2594,5
1084,2118,5
1084,2019,5
1084,2011,5
1084,2242,5
1084,2973,5
1084,1178,1
1084,2179,5
1084,2958,4
1085,597,5
1085,102,5
1085,962,5
1085,540,5
1085,746,5
1085,1713,5
1085,1057,5
1085,1406,5
1085,1383,5
1085,1126,5
1085,2074,5
1085,2228,5
1085,2179,5
1085,2522,5
1085,2321,5
1086,597,5
1086,102,5
1086,962,5
1086,540,5
1086,746,5
1086,1713,5
1086,1057,5
1086,1406,5
1086,1383,5
1086,1126,5
1086,2074,5
1086,2228,5
1086,2179,5
1086,2522,5
1086,2321,5
1087,597,5
1087,102,5
1087,962,5
1087,540,5
1087,746,5
1087,1713,5
1087,1057,5
1087,1406,5
1087,1383,5
1087,1126,5
1087,2074,5
1087,2228,5
1087,2179,5
1087,2522,5
1087,2321,5
1088,597,5
1088,102,5
1088,962,5
1088,540,5
1088,746,5
1088,1713,5
1088,1057,5
1088,1406,5
1088,1383,5
1088,1126,5
1088,2074,5
1088,2228,5
1088,2179,5
1088,2522,5
1088,2321,5
1089,597,5
1089,102,5
1089,962,5
1089,540,5
1089,746,5
1089,1713,5
1089,1057,5
1089,1406,5
1089,1383,5
1089,1126,5
1089,2074,5
1089,2228,5
1089,2179,5
1089,2522,5
1089,2321,5
1089,1371,5
1089,1853,4
1089,3,5
1089,2118,3
1089,298,5
1089,2863,5
1089,2398,5
1089,1616,3
1090,597,5
1090,102,5
1090,962,5
1090,540,5
1090,746,5
1090,1713,5
1090,1057,5
1090,1406,5
1090,1383,5
1090,1126,5
1090,2074,5
1090,2228,5
1090,2179,5
1090,2522,5
1090,2321,5
1091,597,5
1091,102,5
1091,962,5
1091,540,5
1091,746,5
1091,1713,5
1091,1057,5
1091,1406,5
1091,1383,5
1091,1126,5
1091,2074,5
1091,2228,5
1091,2179,5
1091,2522,5
1091,2321,5
1091,12,5
1091,2001,4
1091,14,4
1092,597,5
1092,102,5
1092,962,5
1092,540,5
1092,746,5
1092,1713,5
1092,1057,5
1092,1406,5
1092,1383,5
1092,1126,5
1092,2074,5
1092,2228,5
1092,2179,5
1092,2522,5
1092,2321,5
1093,597,5
1093,102,5
1093,962,5
1093,540,5
1093,746,5
1093,1713,5
1093,1057,5
1093,1406,5
1093,1383,5
1093,1126,5
1093,2074,5
1093,2228,5
1093,2179,5
1093,2522,5
1093,2321,5
1093,3443,5
1093,3231,5
1093,3617,5
1093,3797,5
1093,3001,5
1094,597,5
1094,102,5
1094,962,5
1094,540,5
1094,746,5
1094,1713,5
1094,1057,5
1094,1406,5
1094,1383,5
1094,1126,5
1094,2074,5
1094,2228,5
1094,2179,5
1094,2522,5
1094,2321,5
1095,597,5
1095,102,5
1095,962,5
1095,540,5
1095,746,5
1095,1713,5
1095,1057,5
1095,1406,5
1095,1383,5
1095,1126,5
1095,2074,5
1095,2228,5
1095,2179,5
1095,2522,5
1095,2321,5
